model,score,rank,score_common,rank_common,marg_lo_common,marg_hi_common
AIDO Protein-RAG (16B),0.5182383585858586,1,0.5239944939271255,2,1,5
VenusREM,0.5181946180555557,2,0.5247767543859649,1,1,4
ProSST (K=2048),0.5069258396464645,3,0.5140137539361224,3,2,7
ProSST (K=4096),0.49831849905303016,4,0.5067136234817814,4,1,13
S3F-MSA,0.4958769554924243,5,0.5009404116059379,5,1,8
S2F-MSA,0.488256526199495,6,0.49317633603238864,7,4,13
ProSST (K=1024),0.48467041824494955,7,0.4938514889788575,6,4,20
Protriever,0.47889712550607283,8,0.47889712550607283,10,5,21
ESCOTT,0.4758983285984849,9,0.48117172064777325,8,5,18
ProSST (K=512),0.471176120580808,10,0.4804224066576698,9,6,26
S3F,0.4702016051136363,11,0.47518526315789467,13,6,22
PoET (200M),0.4701064362373738,12,0.4752608007197482,12,5,22
ProSST (K=128),0.46905642045454543,13,0.47753966036887086,11,6,29
ESM3 open (1.4B),0.4657334595959596,14,0.4703967926225821,14,5,25
RSALOR,0.46457289299242427,15,0.469017154745839,15,6,31
VespaG,0.4579054356060606,16,0.46332282501124594,16,8,28
SaProt (650M),0.4565896764520202,17,0.4601200089968511,18,7,40
TranceptEVE L,0.4557866887626263,18,0.45994623031938825,19,8,34
S2F,0.4556086474116162,19,0.460353567251462,17,8,32
GEMME,0.4546858175505051,20,0.45843998650472323,21,8,39
TranceptEVE M,0.4546802856691919,21,0.45893078722447145,20,8,35
TranceptEVE S,0.4518472569444444,22,0.45585880116959066,22,10,40
ProtSSN (ensemble),0.44885818655303034,23,0.4531694376968061,23,11,35
"ProtSSN (k=20, h=1280)",0.4420448958333333,24,0.44650962438146646,25,14,45
"ProtSSN (k=20, h=512)",0.44017277304292923,25,0.444598106162843,26,16,47
EVE (ensemble),0.4393106455176768,26,0.44219213900134957,28,14,50
"ProtSSN (k=20, h=768)",0.4392028140782829,27,0.44330578947368426,27,16,47
ProSST (K=20),0.4382528061868687,28,0.4476856162843005,24,10,54
"ProtSSN (k=30, h=512)",0.43779720801767674,29,0.4414593657219973,29,17,48
"ProtSSN (k=30, h=768)",0.43765730271464653,30,0.44121222672064775,31,17,50
"ProtSSN (k=30, h=1280)",0.437274209280303,31,0.4412739653621232,30,17,47
VESPA,0.4354624779040404,32,0.4407777710301395,32,17,52
Tranception L,0.4340742266414141,33,0.4389547435897435,33,18,52
"ProtSSN (k=10, h=1280)",0.43273435290404044,34,0.43628672064777324,35,21,52
EVE (single),0.4324855602904041,35,0.43511748088169144,36,21,56
MSA Transformer (ensemble),0.43170123421717166,36,0.43716758209626627,34,14,54
"ProtSSN (k=10, h=512)",0.429500956439394,37,0.43267941520467834,37,27,55
Tranception M,0.427666524621212,38,0.43248617183985605,38,22,56
SiteRM,0.4235005539772727,39,0.42619799820062976,39,22,64
ESM-IF1,0.4223889188762627,40,0.42610815114709855,40,17,68
"ProtSSN (k=10, h=768)",0.4223165293560607,41,0.42529628205128206,41,31,59
DeepSequence (ensemble),0.4189351530934344,42,0.4212775775978407,44,25,67
Tranception S,0.41843320075757573,43,0.422677775528565,42,25,63
MSA Transformer (single),0.4165775915404041,44,0.4222895231668916,43,24,65
ESM2 (650M),0.4137676294191919,45,0.41817079622132247,45,22,68
DeepSequence (single),0.4072555003156566,46,0.4103778609986505,48,29,74
ESM-1v (ensemble),0.40651529829545446,47,0.4127621907332434,46,24,70
SaProt (35M),0.4065058285984848,48,0.4116343319838056,47,31,70
ESM-C (300M),0.40623382102272726,49,0.4098079937022042,51,25,72
ESM2 (3B),0.40563601483585854,50,0.4102971682411155,49,30,72
ESM-C (600M),0.4052043386994949,51,0.4102097233468286,50,24,73
ESM2 (15B),0.40034884154040407,52,0.40409270805218167,54,34,73
MIF-ST,0.3999182275883838,53,0.40452816239316236,53,34,75
xTrimoPGLM-3B-MLM,0.39875623737373733,54,0.4047585380116959,52,33,75
xTrimoPGLM-10B-MLM,0.39562223642676764,55,0.40310163742690064,55,34,75
EVmutation,0.39528465119949496,56,0.3965450292397661,59,42,75
ESM-1b,0.39408867739898995,57,0.3974364215024742,56,38,78
VESPAl,0.3932627241161616,58,0.3966498223121907,58,40,77
Progen3 3B,0.3924185779671717,59,0.39742290598290597,57,40,74
Progen2 XL,0.3906544412878788,60,0.3951197368421053,61,40,75
Progen3 1B,0.38880574337121204,61,0.39525341430499317,60,41,74
ESM2 (150M),0.3868099273989899,62,0.3898993432298695,62,39,81
MIF,0.38305044349747475,63,0.38706062753036435,64,41,81
Progen2 L,0.38033831123737366,64,0.38569624381466483,65,43,76
Progen2 M,0.3797441508838384,65,0.3871223774179037,63,43,76
xTrimoPGLM-1B-MLM,0.3792727493686869,66,0.3850865766981556,67,45,81
Progen2 Base,0.37816087752525246,67,0.38531462213225376,66,43,77
Tranception L no retrieval,0.3741309864267676,68,0.37996017543859645,69,45,78
ESM-1v (single),0.3737257039141414,69,0.379608807917229,70,46,82
Wavenet,0.3731489851641414,70,0.37729110661268556,71,45,84
RITA XL,0.3728998626893939,71,0.38045825461088617,68,45,79
CARP (640M),0.3685733428030303,72,0.3746573166891588,72,51,82
RITA L,0.3660476799242424,73,0.37361360773729196,73,49,81
xTrimoPGLM-100B-int4,0.36433813131313136,74,0.3681253463787675,75,55,84
Progen3 762m,0.3635052604166667,75,0.36881586144849304,74,51,82
Site-Independent,0.35941555871212116,76,0.36019656095366626,76,55,85
RITA M,0.3504045375631314,77,0.35953345928924885,77,62,84
Tranception M no retrieval,0.3489201199494949,78,0.3552954655870445,78,66,84
Unirep evotuned,0.34727709122474754,79,0.35085940845704006,81,66,86
Progen3 339m,0.346577132260101,80,0.35111869545659025,80,67,85
xTrimoPGLM-1B-CLM,0.3426081218434343,81,0.3521299865047234,79,68,86
Progen2 S,0.33570551609848487,82,0.34242459289248767,82,72,86
CARP (76M),0.3279135953282828,83,0.33194578272604586,83,73,89
ESM2 (35M),0.3208077951388889,84,0.3283534525416104,84,72,89
Progen3 219m,0.3181304955808081,85,0.32265958839406206,85,79,89
MULAN,0.317423492739899,86,0.3193003036437247,86,79,90
RITA S,0.30450202020202016,87,0.30901211426000896,88,83,90
Tranception S no retrieval,0.30283003472222225,88,0.3092075393612236,87,83,90
Progen3 112m,0.28198171401515154,89,0.28597222447143494,90,85,91
CARP (38M),0.27955184659090915,90,0.28706952091767884,89,85,91
ProteinMPNN,0.25729855429292925,91,0.25739331983805663,91,89,93
xTrimoPGLM-3B-CLM,0.23307894728535353,92,0.23955549032838505,92,91,94
ESM2 (8M),0.22569400568181813,93,0.2324430476833108,93,91,94
Unirep,0.18979010416666667,94,0.19411326810616286,94,93,95
ProtGPT2,0.1883555602904041,95,0.1931656275303644,95,93,95
CARP (600K),0.10609842013888889,96,0.11084533738191633,96,96,97
xTrimoPGLM-7B-CLM,0.1017437279040404,97,0.1057999010346379,97,96,97
