assay,function,seq_len,n_mutants,n_multi,size,spearman_published,spearman_proteingym_scores,spearman_ours,spearman_ours_wt_marginals,spearman_ours_singles,spearman_proteingym_singles,per_mutant_pearson_vs_proteingym,per_mutant_max_abs_diff,spearman_boot_se,model_load_s,masked_marginals_s,wt_marginals_s,diff_vs_published
TCRG1_MOUSE_Tsuboyama_2023_1E0L,Stability,37,1058,437,8M,0.724,0.7238682065912428,0.7238682065912428,0.610925030786523,0.5985004161474219,0.5985004161474219,0.9999999999990544,3.528594970880761e-05,0.01370009053972213,0.05781715500006612,0.1031401980001192,0.0038602869999522227,0.0
ENVZ_ECOLI_Ghose_2023,Activity,60,1121,0,8M,0.194,0.1940948021637545,0.1940948021637545,0.18994435108932253,0.1940948021637545,0.1940948021637545,0.9999999999978809,2.2411346435102786e-05,0.030131770765601133,0.05781715500006612,0.1284587840000313,0.0052211249999345455,0.0
IF1_ECOLI_Kelsic_2016,OrganismalFitness,72,1367,0,8M,0.193,0.19349347775210352,0.19349347775210352,0.21738068796024898,0.19349347775210352,0.19349347775210352,0.9999999999992629,1.4841556549072266e-05,0.027186404194170965,0.05781715500006612,0.23584420799988948,0.005833845000097426,0.0
GLPA_HUMAN_Elazar_2016,Expression,150,245,0,8M,0.339,0.3389338142294104,0.3389338142294104,0.34122269459563126,0.3389338142294104,0.3389338142294104,0.9999999999992726,7.271766662597656e-06,0.058803553540795236,0.05781715500006612,1.5471545529999275,0.009463684999900579,0.0
B2L11_HUMAN_Dutta_2010_binding-Mcl-1,Binding,198,170,0,8M,0.174,0.17356879843186107,0.17356879843186107,0.203778677462888,0.17356879843186107,0.17356879843186107,0.9999999999990316,3.5762786864679263e-06,0.07260657643870498,0.05781715500006612,2.7753254980000293,0.011859012999821061,0.0
TCRG1_MOUSE_Tsuboyama_2023_1E0L,Stability,37,1058,437,35M,0.707,0.7070923373382897,0.7070923373382897,0.5737156050306744,0.6982388520845203,0.6982388520845203,0.9999999999994951,2.136826515197754e-05,0.013309591586850592,0.15254234100007125,0.20580177800002275,0.010729781000009098,0.0
ENVZ_ECOLI_Ghose_2023,Activity,60,1121,0,35M,0.207,0.20661205503384894,0.20661205503384894,0.2073424882182328,0.20661205503384894,0.20661205503384894,0.9999999999991618,1.5735626220685778e-05,0.030827267807894677,0.15254234100007125,0.4915454009999394,0.014278957999977138,0.0
IF1_ECOLI_Kelsic_2016,OrganismalFitness,72,1367,0,35M,0.477,0.4770014960312371,0.4770014960312371,0.48800224910230694,0.4770014960312371,0.4770014960312371,0.9999999999978492,4.875659942626953e-05,0.023159316838849527,0.15254234100007125,0.6915288780000992,0.01658926100003555,0.0
GLPA_HUMAN_Elazar_2016,Expression,150,245,0,35M,0.392,0.3916808786689407,0.3916808786689407,0.3795412447265992,0.3916808786689407,0.3916808786689407,0.9999999999997371,4.649162293368647e-06,0.05792293129923542,0.15254234100007125,5.028990587999942,0.029010106999976415,0.0
B2L11_HUMAN_Dutta_2010_binding-Mcl-1,Binding,198,170,0,35M,0.123,0.12268000317535921,0.12268000317535921,0.15572572224155937,0.12268000317535921,0.12268000317535921,0.9999999999997882,1.430511474609375e-06,0.0845436527619048,0.15254234100007125,8.71218609000016,0.03576285399981316,0.0
TCRG1_MOUSE_Tsuboyama_2023_1E0L,Stability,37,1058,437,150M,0.784,0.7839607355538444,0.7839607355538444,0.6885670799261138,0.7616601200488854,0.7616601200488854,0.9999999999992913,2.2292137145996094e-05,0.010356110456567955,0.7966309740002089,0.8479980629999773,0.044785647000026074,0.0
ENVZ_ECOLI_Ghose_2023,Activity,60,1121,0,150M,0.195,0.1948428517480323,0.1948428517480323,0.18852381162437395,0.1948428517480323,0.1948428517480323,0.9999999999993,1.7240643501281738e-05,0.02935500020953527,0.7966309740002089,1.9480658850000054,0.05520032300000821,0.0
IF1_ECOLI_Kelsic_2016,OrganismalFitness,72,1367,0,150M,0.55,0.5501435000377455,0.5501459193054266,0.5413680856806549,0.5501459193054266,0.5501435000377455,0.9999999999989542,2.2411346435546875e-05,0.021458025730220726,0.7966309740002089,3.821056168999803,0.06178032799994071,0.0
GLPA_HUMAN_Elazar_2016,Expression,150,245,0,150M,0.453,0.45317546450807433,0.45317546450807433,0.4314706770353084,0.45317546450807433,0.45317546450807433,0.9999999999997666,5.4836273193359375e-06,0.05504588055644006,0.7966309740002089,17.247411778000014,0.10019309799986331,0.0
B2L11_HUMAN_Dutta_2010_binding-Mcl-1,Binding,198,170,0,150M,0.151,0.15134861169631356,0.15134861169631356,0.15598463614657948,0.15134861169631356,0.15134861169631356,0.9999999999994472,5.0067901611328125e-06,0.08123523668888934,0.7966309740002089,30.21226307500001,0.12841082600016307,0.0
TCRG1_MOUSE_Tsuboyama_2023_1E0L,Stability,37,1058,437,650M,0.769,0.7691521578957982,0.7691505265331783,0.755178240070705,0.7190392080521646,0.7190464737205784,0.9999999999995729,1.6570091247558594e-05,0.011163061517806163,3.646029639000062,2.881673039999896,0.14819364000004498,0.0
ENVZ_ECOLI_Ghose_2023,Activity,60,1121,0,650M,0.172,0.17158057457802475,0.17158057457802475,0.17332798003926464,0.17158057457802475,0.17158057457802475,0.9999999999986706,2.5272369384765625e-05,0.029986265900958108,3.646029639000062,8.122113845000058,0.19795006000003923,0.0
IF1_ECOLI_Kelsic_2016,OrganismalFitness,72,1367,0,650M,0.599,0.5986830761014642,0.5986819298853202,0.5793849042934011,0.5986819298853202,0.5986830761014642,0.9999999999986563,4.947185516357422e-05,0.01905685232903291,3.646029639000062,11.289899375999994,0.21551850400010153,0.0
GLPA_HUMAN_Elazar_2016,Expression,150,245,0,650M,0.425,0.4253074280491886,0.4253074280491886,0.4065149450423913,0.4253074280491886,0.4253074280491886,0.999999999999204,1.245737075805664e-05,0.05865519245697863,3.646029639000062,54.07954736800002,0.3856930839999677,0.0
B2L11_HUMAN_Dutta_2010_binding-Mcl-1,Binding,198,170,0,650M,0.27,0.26963318494635474,0.26963318494635474,0.3215478654868986,0.26963318494635474,0.26963318494635474,0.9999999999955058,3.073702100664377e-05,0.079157170349787,3.646029639000062,98.41963048799994,0.4247853690001193,0.0
