assay,smaller,larger,gain,paired_se,z
TCRG1_MOUSE_Tsuboyama_2023_1E0L,8M,35M,-0.016775869252953157,0.011834107418018346,-1.417586359526414
TCRG1_MOUSE_Tsuboyama_2023_1E0L,35M,150M,0.07686839821555469,0.00786386922291645,9.774882571997647
TCRG1_MOUSE_Tsuboyama_2023_1E0L,150M,650M,-0.014810209020666099,0.005364475929570953,-2.760793265755339
TCRG1_MOUSE_Tsuboyama_2023_1E0L,8M,650M,0.045282319941935434,0.01130467196554394,4.005628830270672
ENVZ_ECOLI_Ghose_2023,8M,35M,0.012517252870094447,0.01329994402970504,0.9411507929760852
ENVZ_ECOLI_Ghose_2023,35M,150M,-0.011769203285816654,0.0166763771131934,-0.7057410135265849
ENVZ_ECOLI_Ghose_2023,150M,650M,-0.023262277170007534,0.013721005649529158,-1.6953769835963728
ENVZ_ECOLI_Ghose_2023,8M,650M,-0.02251422758572974,0.023318927048444186,-0.9654915742459885
IF1_ECOLI_Kelsic_2016,8M,35M,0.2835080182791336,0.024193077723209954,11.718559396316342
IF1_ECOLI_Kelsic_2016,35M,150M,0.07314442327418946,0.0156905858523569,4.661675731069172
IF1_ECOLI_Kelsic_2016,150M,650M,0.04853601057989365,0.010618808787563485,4.570758505110098
IF1_ECOLI_Kelsic_2016,8M,650M,0.4051884521332167,0.025974543282176476,15.599444722912752
GLPA_HUMAN_Elazar_2016,8M,35M,0.05274706443953031,0.023802335313000897,2.216045768026792
GLPA_HUMAN_Elazar_2016,35M,150M,0.06149458583913364,0.01196965840245649,5.137538914770812
GLPA_HUMAN_Elazar_2016,150M,650M,-0.027868036458885748,0.01689626501485103,-1.6493607572082374
GLPA_HUMAN_Elazar_2016,8M,650M,0.0863736138197782,0.03342150286543973,2.5843725270982594
B2L11_HUMAN_Dutta_2010_binding-Mcl-1,8M,35M,-0.05088879525650186,0.03109877267177326,-1.6363602446179806
B2L11_HUMAN_Dutta_2010_binding-Mcl-1,35M,150M,0.028668608520954347,0.039158270323500104,0.7321214211994808
B2L11_HUMAN_Dutta_2010_binding-Mcl-1,150M,650M,0.11828457325004119,0.11033396877066848,1.0720594443212517
B2L11_HUMAN_Dutta_2010_binding-Mcl-1,8M,650M,0.09606438651449367,0.10171980868611441,0.9444019582353702
