,AIDO Protein-RAG (16B),VenusREM,ProSST (K=2048),ProSST (K=4096),S3F-MSA,S2F-MSA,ProSST (K=1024),Protriever,ESCOTT,ProSST (K=512),S3F,PoET (200M),ProSST (K=128),ESM3 open (1.4B),RSALOR,VespaG,SaProt (650M),TranceptEVE L,S2F,GEMME
AIDO Protein-RAG (16B),0.0,0.008373364668611428,1.7935259715409064,2.107343551947769,3.2863343329704358,4.094046391912769,3.662175521037498,4.801569463814739,8.076311283749934,5.4223206750543556,8.51574303535242,7.055355945355854,5.533582270210773,8.358722614510107,7.313048216925826,10.798098109480065,8.231696152847332,9.557379340833071,9.733947057673667,7.0318061258978775
VenusREM,-0.008373364668611428,0.0,4.9492490157121365,2.490322990119643,2.610808423230769,3.2946709607346225,4.797285259867094,4.317298221142405,5.881613536867619,7.020415048953724,6.949516155724577,5.886061250231846,7.036660031379699,7.29733207579143,6.157629628527983,8.447826945033674,7.413819543444535,7.729115212493938,7.981914159637938,5.731810144064277
ProSST (K=2048),-1.7935259715409064,-4.9492490157121365,0.0,1.054188972916901,1.1009872181463611,1.7662286271261405,3.592940323067038,2.8085392218227856,3.6562871051566703,5.885206309591795,4.546568765771008,3.93475930662848,5.74794867605453,5.314019878070378,4.157478592591182,6.21204105287005,5.8219927290641715,5.601913238577467,5.682232006499941,4.179915176644959
ProSST (K=4096),-2.107343551947769,-2.490322990119643,-1.054188972916901,0.0,0.22287718558693428,0.90445524517082,2.1183210026896564,1.6153442681490389,2.0510128981444278,4.664860577128499,2.651561549792288,2.5937475625333075,6.6081069044072045,2.7184819685225547,2.9750324656181313,3.665484320676823,3.2148895735698173,3.5705908489197866,3.9650755141355063,3.481615028247612
S3F-MSA,-3.2863343329704358,-2.610808423230769,-1.1009872181463611,-0.22287718558693428,0.0,5.851756401341027,0.8854415201417594,2.166276950854003,3.862315815404998,2.034695403491846,5.636647103206733,5.003089435096401,2.3266908115656575,3.954240904662369,6.543660827291516,5.549183937333182,4.442701366967103,7.11646793577349,8.99963913334685,7.48921615673469
S2F-MSA,-4.094046391912769,-3.2946709607346225,-1.7662286271261405,-0.90445524517082,-5.851756401341027,0.0,0.2740824549290863,1.1519376899119782,2.1193243528657013,1.359177198747313,3.5621382347569877,3.343558273026801,1.6195478481773673,2.7421595724488337,4.4691909716485805,4.139529136203144,3.4095502523271217,5.406909720223695,7.4562233456002485,6.758777172364032
ProSST (K=1024),-3.662175521037498,-4.797285259867094,-3.592940323067038,-2.1183210026896564,-0.8854415201417594,-0.2740824549290863,0.0,0.46361295194839697,0.7799988838965777,4.778861590869455,1.3102878998385374,1.2572586334976075,3.8308173728326556,1.7817882295948857,1.5847115862890615,2.4860255070291806,2.459609688945045,2.4149620659330013,2.469699304515859,2.0508483304187552
Protriever,-4.801569463814739,-4.317298221142405,-2.8085392218227856,-1.6153442681490389,-2.166276950854003,-1.1519376899119782,-0.46361295194839697,0.0,0.4166717249152824,0.6249856097119288,1.0970096459679333,1.3934692802640356,0.8226149418244768,1.5580383072484025,1.7016188035897049,2.7825991778093058,2.358353261349143,2.9975243854413884,2.810983513444876,2.7992266113211675
ESCOTT,-8.076311283749934,-5.881613536867619,-3.6562871051566703,-2.0510128981444278,-3.862315815404998,-2.1193243528657013,-0.7799988838965777,-0.4166717249152824,0.0,0.4348454057100475,1.076934419553461,1.1169650624598189,0.6290537401460484,1.592421146084622,2.142766315859394,3.8767031630685955,2.645625213092918,4.104860089953923,3.313373569714851,3.1833608799323527
ProSST (K=512),-5.4223206750543556,-7.020415048953724,-5.885206309591795,-4.664860577128499,-2.034695403491846,-1.359177198747313,-4.778861590869455,-0.6249856097119288,-0.4348454057100475,0.0,0.091031647453678,0.09325745773821495,0.5902063563617311,0.5163675757404111,0.5389428812921833,1.2579950886056543,1.2790602788561172,1.3307067711376332,1.3666189217151143,1.1543102943406816
S3F,-8.51574303535242,-6.949516155724577,-4.546568765771008,-2.651561549792288,-5.636647103206733,-3.5621382347569877,-1.3102878998385374,-1.0970096459679333,-1.076934419553461,-0.091031647453678,0.0,0.016200344541367085,0.1089102638085119,0.7634328071188566,0.8712659626153115,2.3286013977606506,2.1276856827496813,2.281261852260808,6.272449141384596,1.9194632831796534
PoET (200M),-7.055355945355854,-5.886061250231846,-3.93475930662848,-2.5937475625333075,-5.003089435096401,-3.343558273026801,-1.2572586334976075,-1.3934692802640356,-1.1169650624598189,-0.09325745773821495,-0.016200344541367085,0.0,0.09505062998375588,0.6000338830125135,0.8466089352746033,2.1443732277465295,1.6854697759055939,2.6779164889370004,2.339405878176988,2.3648260984277587
ProSST (K=128),-5.533582270210773,-7.036660031379699,-5.74794867605453,-6.6081069044072045,-2.3266908115656575,-1.6195478481773673,-3.8308173728326556,-0.8226149418244768,-0.6290537401460484,-0.5902063563617311,-0.1089102638085119,-0.09505062998375588,0.0,0.2986833517078207,0.383845895610674,1.0576938804755016,1.043685232166915,1.1556374343116074,1.2237786933034147,1.073024442105093
ESM3 open (1.4B),-8.358722614510107,-7.29733207579143,-5.314019878070378,-2.7184819685225547,-3.954240904662369,-2.7421595724488337,-1.7817882295948857,-1.5580383072484025,-1.592421146084622,-0.5163675757404111,-0.7634328071188566,-0.6000338830125135,-0.2986833517078207,0.0,0.14447608233203418,1.1529567924739226,1.6003604278391532,1.4280070487278114,1.4616199674528945,1.0814843752032868
RSALOR,-7.313048216925826,-6.157629628527983,-4.157478592591182,-2.9750324656181313,-6.543660827291516,-4.4691909716485805,-1.5847115862890615,-1.7016188035897049,-2.142766315859394,-0.5389428812921833,-0.8712659626153115,-0.8466089352746033,-0.383845895610674,-0.14447608233203418,0.0,0.8418600036055877,0.8134707625996779,1.2460208597987295,1.2998525988779948,1.3690326621606772
VespaG,-10.798098109480065,-8.447826945033674,-6.21204105287005,-3.665484320676823,-5.549183937333182,-4.139529136203144,-2.4860255070291806,-2.7825991778093058,-3.8767031630685955,-1.2579950886056543,-2.3286013977606506,-2.1443732277465295,-1.0576938804755016,-1.1529567924739226,-0.8418600036055877,0.0,0.20779798425802157,0.3749549751144982,0.3770737715051073,0.3866549518400987
SaProt (650M),-8.231696152847332,-7.413819543444535,-5.8219927290641715,-3.2148895735698173,-4.442701366967103,-3.4095502523271217,-2.459609688945045,-2.358353261349143,-2.645625213092918,-1.2790602788561172,-2.1276856827496813,-1.6854697759055939,-1.043685232166915,-1.6003604278391532,-0.8134707625996779,-0.20779798425802157,0.0,0.10384477201199362,0.13536439673485998,0.17488162138403684
TranceptEVE L,-9.557379340833071,-7.729115212493938,-5.601913238577467,-3.5705908489197866,-7.11646793577349,-5.406909720223695,-2.4149620659330013,-2.9975243854413884,-4.104860089953923,-1.3307067711376332,-2.281261852260808,-2.6779164889370004,-1.1556374343116074,-1.4280070487278114,-1.2460208597987295,-0.3749549751144982,-0.10384477201199362,0.0,0.02670040051989908,0.1521079394861067
S2F,-9.733947057673667,-7.981914159637938,-5.682232006499941,-3.9650755141355063,-8.99963913334685,-7.4562233456002485,-2.469699304515859,-2.810983513444876,-3.313373569714851,-1.3666189217151143,-6.272449141384596,-2.339405878176988,-1.2237786933034147,-1.4616199674528945,-1.2998525988779948,-0.3770737715051073,-0.13536439673485998,-0.02670040051989908,0.0,0.12792549576879783
GEMME,-7.0318061258978775,-5.731810144064277,-4.179915176644959,-3.481615028247612,-7.48921615673469,-6.758777172364032,-2.0508483304187552,-2.7992266113211675,-3.1833608799323527,-1.1543102943406816,-1.9194632831796534,-2.3648260984277587,-1.073024442105093,-1.0814843752032868,-1.3690326621606772,-0.3866549518400987,-0.17488162138403684,-0.1521079394861067,-0.12792549576879783,0.0
