pair,delta,units,analytic_power,simulated_power
AIDO Protein-RAG (16B) vs VenusREM,0.005,50.0,0.07521271872339001,
AIDO Protein-RAG (16B) vs VenusREM,0.005,62.34495386950013,0.08153537820597624,
AIDO Protein-RAG (16B) vs VenusREM,0.005,77.73786545980201,0.0894663599824884,
AIDO Protein-RAG (16B) vs VenusREM,0.005,96.9312727200953,0.09942274879036912,
AIDO Protein-RAG (16B) vs VenusREM,0.005,120.86351452492556,0.11193021620919293,
AIDO Protein-RAG (16B) vs VenusREM,0.005,150.70460475124287,0.12764829834144262,
AIDO Protein-RAG (16B) vs VenusREM,0.005,187.9134326227498,0.14739738303703137,
AIDO Protein-RAG (16B) vs VenusREM,0.005,234.3090857664952,0.17218275239043768,
AIDO Protein-RAG (16B) vs VenusREM,0.005,292.1597828663379,0.20320578385078591,
AIDO Protein-RAG (16B) vs VenusREM,0.005,364.2937637065002,0.24184372901713155,
AIDO Protein-RAG (16B) vs VenusREM,0.005,454.23755786456684,0.28956677236161604,
AIDO Protein-RAG (16B) vs VenusREM,0.005,566.3883918172164,0.3477459998660228,
AIDO Protein-RAG (16B) vs VenusREM,0.005,706.2291632012947,0.4172961522040197,
AIDO Protein-RAG (16B) vs VenusREM,0.005,880.5964920216079,0.4981119841504171,
AIDO Protein-RAG (16B) vs VenusREM,0.005,1098.014953454616,0.5883317022518096,
AIDO Protein-RAG (16B) vs VenusREM,0.005,1369.1138324229871,0.683634465761231,
AIDO Protein-RAG (16B) vs VenusREM,0.005,1707.1467744901138,0.7770417152215539,
AIDO Protein-RAG (16B) vs VenusREM,0.005,2128.639738081042,0.8598780343071313,
AIDO Protein-RAG (16B) vs VenusREM,0.005,2654.198925508949,0.9242630049281741,
AIDO Protein-RAG (16B) vs VenusREM,0.005,3309.5181914266454,0.9663958012014727,
AIDO Protein-RAG (16B) vs VenusREM,0.005,4126.635179495312,0.9884686897327124,
AIDO Protein-RAG (16B) vs VenusREM,0.005,5145.497598037834,0.9971633129668029,
AIDO Protein-RAG (16B) vs VenusREM,0.005,6415.916207705853,0.9995456400583387,
AIDO Protein-RAG (16B) vs VenusREM,0.005,8000.0,0.9999580437832316,
AIDO Protein-RAG (16B) vs ProSST (K=2048),0.005,50.0,0.06724518364242868,
AIDO Protein-RAG (16B) vs ProSST (K=2048),0.005,62.34495386950013,0.07155178786734964,
AIDO Protein-RAG (16B) vs ProSST (K=2048),0.005,77.73786545980201,0.07694645524584941,
AIDO Protein-RAG (16B) vs ProSST (K=2048),0.005,96.9312727200953,0.08370947040101545,
AIDO Protein-RAG (16B) vs ProSST (K=2048),0.005,120.86351452492556,0.09219489396432455,
AIDO Protein-RAG (16B) vs ProSST (K=2048),0.005,150.70460475124287,0.10284966121113548,
AIDO Protein-RAG (16B) vs ProSST (K=2048),0.005,187.9134326227498,0.11623649212197872,
AIDO Protein-RAG (16B) vs ProSST (K=2048),0.005,234.3090857664952,0.13305995843790439,
AIDO Protein-RAG (16B) vs ProSST (K=2048),0.005,292.1597828663379,0.15419326323684873,
AIDO Protein-RAG (16B) vs ProSST (K=2048),0.005,364.2937637065002,0.1806998147813647,
AIDO Protein-RAG (16B) vs ProSST (K=2048),0.005,454.23755786456684,0.21383752019497418,
AIDO Protein-RAG (16B) vs ProSST (K=2048),0.005,566.3883918172164,0.2550238482093614,
AIDO Protein-RAG (16B) vs ProSST (K=2048),0.005,706.2291632012947,0.30572593902965733,
AIDO Protein-RAG (16B) vs ProSST (K=2048),0.005,880.5964920216079,0.36722533891952164,
AIDO Protein-RAG (16B) vs ProSST (K=2048),0.005,1098.014953454616,0.44020181705676664,
AIDO Protein-RAG (16B) vs ProSST (K=2048),0.005,1369.1138324229871,0.5241091192703339,
AIDO Protein-RAG (16B) vs ProSST (K=2048),0.005,1707.1467744901138,0.6164161514541565,
AIDO Protein-RAG (16B) vs ProSST (K=2048),0.005,2128.639738081042,0.7119927767996252,
AIDO Protein-RAG (16B) vs ProSST (K=2048),0.005,2654.198925508949,0.8031869705525015,
AIDO Protein-RAG (16B) vs ProSST (K=2048),0.005,3309.5181914266454,0.8812356048321975,
AIDO Protein-RAG (16B) vs ProSST (K=2048),0.005,4126.635179495312,0.9391393681530397,
AIDO Protein-RAG (16B) vs ProSST (K=2048),0.005,5145.497598037834,0.9748105172004189,
AIDO Protein-RAG (16B) vs ProSST (K=2048),0.005,6415.916207705853,0.9921021135633201,
AIDO Protein-RAG (16B) vs ProSST (K=2048),0.005,8000.0,0.9982708480283605,
AIDO Protein-RAG (16B) vs ProSST (K=4096),0.005,50.0,0.057746608921863306,
AIDO Protein-RAG (16B) vs ProSST (K=4096),0.005,62.34495386950013,0.05966986992401054,
AIDO Protein-RAG (16B) vs ProSST (K=4096),0.005,77.73786545980201,0.06207366173906975,
AIDO Protein-RAG (16B) vs ProSST (K=4096),0.005,96.9312727200953,0.06507957572694249,
AIDO Protein-RAG (16B) vs ProSST (K=4096),0.005,120.86351452492556,0.06884067384491475,
AIDO Protein-RAG (16B) vs ProSST (K=4096),0.005,150.70460475124287,0.07354989335145455,
AIDO Protein-RAG (16B) vs ProSST (K=4096),0.005,187.9134326227498,0.0794507264203996,
AIDO Protein-RAG (16B) vs ProSST (K=4096),0.005,234.3090857664952,0.08685071393237631,
AIDO Protein-RAG (16B) vs ProSST (K=4096),0.005,292.1597828663379,0.09613830171794267,
AIDO Protein-RAG (16B) vs ProSST (K=4096),0.005,364.2937637065002,0.10780346322421042,
AIDO Protein-RAG (16B) vs ProSST (K=4096),0.005,454.23755786456684,0.12246201369028219,
AIDO Protein-RAG (16B) vs ProSST (K=4096),0.005,566.3883918172164,0.14088239932359714,
AIDO Protein-RAG (16B) vs ProSST (K=4096),0.005,706.2291632012947,0.16401138914872201,
AIDO Protein-RAG (16B) vs ProSST (K=4096),0.005,880.5964920216079,0.19299068968334862,
AIDO Protein-RAG (16B) vs ProSST (K=4096),0.005,1098.014953454616,0.2291489759477387,
AIDO Protein-RAG (16B) vs ProSST (K=4096),0.005,1369.1138324229871,0.27394232589607187,
AIDO Protein-RAG (16B) vs ProSST (K=4096),0.005,1707.1467744901138,0.3288012531483324,
AIDO Protein-RAG (16B) vs ProSST (K=4096),0.005,2128.639738081042,0.3948297610062421,
AIDO Protein-RAG (16B) vs ProSST (K=4096),0.005,2654.198925508949,0.47230625128880044,
AIDO Protein-RAG (16B) vs ProSST (K=4096),0.005,3309.5181914266454,0.5599880419917314,
AIDO Protein-RAG (16B) vs ProSST (K=4096),0.005,4126.635179495312,0.6543616746046759,
AIDO Protein-RAG (16B) vs ProSST (K=4096),0.005,5145.497598037834,0.7492246128606507,
AIDO Protein-RAG (16B) vs ProSST (K=4096),0.005,6415.916207705853,0.8362250786426255,
AIDO Protein-RAG (16B) vs ProSST (K=4096),0.005,8000.0,0.9068969158401186,
AIDO Protein-RAG (16B) vs S3F-MSA,0.005,50.0,0.06453776565544972,
AIDO Protein-RAG (16B) vs S3F-MSA,0.005,62.34495386950013,0.0681625678617032,
AIDO Protein-RAG (16B) vs S3F-MSA,0.005,77.73786545980201,0.07270059791096625,
AIDO Protein-RAG (16B) vs S3F-MSA,0.005,96.9312727200953,0.078386187010325,
AIDO Protein-RAG (16B) vs S3F-MSA,0.005,120.86351452492556,0.0855152784461579,
AIDO Protein-RAG (16B) vs S3F-MSA,0.005,150.70460475124287,0.09446169628872615,
AIDO Protein-RAG (16B) vs S3F-MSA,0.005,187.9134326227498,0.1056971349948195,
AIDO Protein-RAG (16B) vs S3F-MSA,0.005,234.3090857664952,0.11981490824747167,
AIDO Protein-RAG (16B) vs S3F-MSA,0.005,292.1597828663379,0.1375564937418042,
AIDO Protein-RAG (16B) vs S3F-MSA,0.005,364.2937637065002,0.15983780408988765,
AIDO Protein-RAG (16B) vs S3F-MSA,0.005,454.23755786456684,0.18776811355883888,
AIDO Protein-RAG (16B) vs S3F-MSA,0.005,566.3883918172164,0.22264763131786044,
AIDO Protein-RAG (16B) vs S3F-MSA,0.005,706.2291632012947,0.2659188800295336,
AIDO Protein-RAG (16B) vs S3F-MSA,0.005,880.5964920216079,0.31903259827466995,
AIDO Protein-RAG (16B) vs S3F-MSA,0.005,1098.014953454616,0.38317507896819614,
AIDO Protein-RAG (16B) vs S3F-MSA,0.005,1369.1138324229871,0.4588037987773096,
AIDO Protein-RAG (16B) vs S3F-MSA,0.005,1707.1467744901138,0.5449795604264742,
AIDO Protein-RAG (16B) vs S3F-MSA,0.005,2128.639738081042,0.6386067174541715,
AIDO Protein-RAG (16B) vs S3F-MSA,0.005,2654.198925508949,0.733922044025218,
AIDO Protein-RAG (16B) vs S3F-MSA,0.005,3309.5181914266454,0.8228303262174931,
AIDO Protein-RAG (16B) vs S3F-MSA,0.005,4126.635179495312,0.8966810094868849,
AIDO Protein-RAG (16B) vs S3F-MSA,0.005,5145.497598037834,0.9493720014114808,
AIDO Protein-RAG (16B) vs S3F-MSA,0.005,6415.916207705853,0.9802326011304457,
AIDO Protein-RAG (16B) vs S3F-MSA,0.005,8000.0,0.9942532439043891,
AIDO Protein-RAG (16B) vs S2F-MSA,0.005,50.0,0.062492158178206,
AIDO Protein-RAG (16B) vs S2F-MSA,0.005,62.34495386950013,0.06560306710284652,
AIDO Protein-RAG (16B) vs S2F-MSA,0.005,77.73786545980201,0.06949592379041308,
AIDO Protein-RAG (16B) vs S2F-MSA,0.005,96.9312727200953,0.07437066184053277,
AIDO Protein-RAG (16B) vs S2F-MSA,0.005,120.86351452492556,0.08047964251661537,
AIDO Protein-RAG (16B) vs S2F-MSA,0.005,150.70460475124287,0.08814162982506038,
AIDO Protein-RAG (16B) vs S2F-MSA,0.005,187.9134326227498,0.09775920506732359,
AIDO Protein-RAG (16B) vs S2F-MSA,0.005,234.3090857664952,0.10983997925984659,
AIDO Protein-RAG (16B) vs S2F-MSA,0.005,292.1597828663379,0.12502140723868413,
AIDO Protein-RAG (16B) vs S2F-MSA,0.005,364.2937637065002,0.14409772190084574,
AIDO Protein-RAG (16B) vs S2F-MSA,0.005,454.23755786456684,0.1680448983513218,
AIDO Protein-RAG (16B) vs S2F-MSA,0.005,566.3883918172164,0.1980347439384273,
AIDO Protein-RAG (16B) vs S2F-MSA,0.005,706.2291632012947,0.2354211121591986,
AIDO Protein-RAG (16B) vs S2F-MSA,0.005,880.5964920216079,0.28166911386940396,
AIDO Protein-RAG (16B) vs S2F-MSA,0.005,1098.014953454616,0.3381831969594226,
AIDO Protein-RAG (16B) vs S2F-MSA,0.005,1369.1138324229871,0.40597851387441103,
AIDO Protein-RAG (16B) vs S2F-MSA,0.005,1707.1467744901138,0.4851493129069426,
AIDO Protein-RAG (16B) vs S2F-MSA,0.005,2128.639738081042,0.5741509134735803,
AIDO Protein-RAG (16B) vs S2F-MSA,0.005,2654.198925508949,0.6690687250864972,
AIDO Protein-RAG (16B) vs S2F-MSA,0.005,3309.5181914266454,0.7633023593153528,
AIDO Protein-RAG (16B) vs S2F-MSA,0.005,4126.635179495312,0.8483106568864286,
AIDO Protein-RAG (16B) vs S2F-MSA,0.005,5145.497598037834,0.9158814292384322,
AIDO Protein-RAG (16B) vs S2F-MSA,0.005,6415.916207705853,0.9614058569080977,
AIDO Protein-RAG (16B) vs S2F-MSA,0.005,8000.0,0.9861674537965848,
AIDO Protein-RAG (16B) vs ProSST (K=1024),0.005,50.0,0.05825412323357383,
AIDO Protein-RAG (16B) vs ProSST (K=1024),0.005,62.34495386950013,0.060304078455973145,
AIDO Protein-RAG (16B) vs ProSST (K=1024),0.005,77.73786545980201,0.06286657092114827,
AIDO Protein-RAG (16B) vs ProSST (K=1024),0.005,96.9312727200953,0.0660714554029181,
AIDO Protein-RAG (16B) vs ProSST (K=1024),0.005,120.86351452492556,0.0700822598057823,
AIDO Protein-RAG (16B) vs ProSST (K=1024),0.005,150.70460475124287,0.07510518946580369,
AIDO Protein-RAG (16B) vs ProSST (K=1024),0.005,187.9134326227498,0.08140055518530039,
AIDO Protein-RAG (16B) vs ProSST (K=1024),0.005,234.3090857664952,0.08929717586306085,
AIDO Protein-RAG (16B) vs ProSST (K=1024),0.005,292.1597828663379,0.09921028422164288,
AIDO Protein-RAG (16B) vs ProSST (K=1024),0.005,364.2937637065002,0.11166324770323395,
AIDO Protein-RAG (16B) vs ProSST (K=1024),0.005,454.23755786456684,0.1273127897991898,
AIDO Protein-RAG (16B) vs ProSST (K=1024),0.005,566.3883918172164,0.14697597600775644,
AIDO Protein-RAG (16B) vs ProSST (K=1024),0.005,706.2291632012947,0.17165438400897956,
AIDO Protein-RAG (16B) vs ProSST (K=1024),0.005,880.5964920216079,0.20254569060486308,
AIDO Protein-RAG (16B) vs ProSST (K=1024),0.005,1098.014953454616,0.24102429845257933,
AIDO Protein-RAG (16B) vs ProSST (K=1024),0.005,1369.1138324229871,0.2885599818035135,
AIDO Protein-RAG (16B) vs ProSST (K=1024),0.005,1707.1467744901138,0.3465284585002858,
AIDO Protein-RAG (16B) vs ProSST (K=1024),0.005,2128.639738081042,0.4158578037427569,
AIDO Protein-RAG (16B) vs ProSST (K=1024),0.005,2654.198925508949,0.4964688157641834,
AIDO Protein-RAG (16B) vs ProSST (K=1024),0.005,3309.5181914266454,0.5865405507389645,
AIDO Protein-RAG (16B) vs ProSST (K=1024),0.005,4126.635179495312,0.6818036608358874,
AIDO Protein-RAG (16B) vs ProSST (K=1024),0.005,5145.497598037834,0.7753261015076268,
AIDO Protein-RAG (16B) vs ProSST (K=1024),0.005,6415.916207705853,0.8584462245321038,
AIDO Protein-RAG (16B) vs ProSST (K=1024),0.005,8000.0,0.923237457015736,
AIDO Protein-RAG (16B) vs ESCOTT,0.005,50.0,0.07501191039605133,
AIDO Protein-RAG (16B) vs ESCOTT,0.005,62.34495386950013,0.08128360115291453,
AIDO Protein-RAG (16B) vs ESCOTT,0.005,77.73786545980201,0.08915041696668259,
AIDO Protein-RAG (16B) vs ESCOTT,0.005,96.9312727200953,0.0990259839572187,
AIDO Protein-RAG (16B) vs ESCOTT,0.005,120.86351452492556,0.1114316702471495,
AIDO Protein-RAG (16B) vs ESCOTT,0.005,150.70460475124287,0.12702175772674618,
AIDO Protein-RAG (16B) vs ESCOTT,0.005,187.9134326227498,0.1466104255997891,
AIDO Protein-RAG (16B) vs ESCOTT,0.005,234.3090857664952,0.1711960289378601,
AIDO Protein-RAG (16B) vs ESCOTT,0.005,292.1597828663379,0.201973016301193,
AIDO Protein-RAG (16B) vs ESCOTT,0.005,364.2937637065002,0.24031328584590367,
AIDO Protein-RAG (16B) vs ESCOTT,0.005,454.23755786456684,0.2876861995069053,
AIDO Protein-RAG (16B) vs ESCOTT,0.005,566.3883918172164,0.34547140523274,
AIDO Protein-RAG (16B) vs ESCOTT,0.005,706.2291632012947,0.41460842517361474,
AIDO Protein-RAG (16B) vs ESCOTT,0.005,880.5964920216079,0.4950405175371338,
AIDO Protein-RAG (16B) vs ESCOTT,0.005,1098.014953454616,0.5849820958534029,
AIDO Protein-RAG (16B) vs ESCOTT,0.005,1369.1138324229871,0.6802085805827746,
AIDO Protein-RAG (16B) vs ESCOTT,0.005,1707.1467744901138,0.7738287068099672,
AIDO Protein-RAG (16B) vs ESCOTT,0.005,2128.639738081042,0.8571935685237082,
AIDO Protein-RAG (16B) vs ESCOTT,0.005,2654.198925508949,0.9223374300123331,
AIDO Protein-RAG (16B) vs ESCOTT,0.005,3309.5181914266454,0.9652645183175775,
AIDO Protein-RAG (16B) vs ESCOTT,0.005,4126.635179495312,0.9879559313831272,
AIDO Protein-RAG (16B) vs ESCOTT,0.005,5145.497598037834,0.9969971020082554,
AIDO Protein-RAG (16B) vs ESCOTT,0.005,6415.916207705853,0.9995106324458851,
AIDO Protein-RAG (16B) vs ESCOTT,0.005,8000.0,0.9999537992948284,
AIDO Protein-RAG (16B) vs ProSST (K=512),0.005,50.0,0.05925032406077106,
AIDO Protein-RAG (16B) vs ProSST (K=512),0.005,62.34495386950013,0.06154919632776842,
AIDO Protein-RAG (16B) vs ProSST (K=512),0.005,77.73786545980201,0.06442359771300094,
AIDO Protein-RAG (16B) vs ProSST (K=512),0.005,96.9312727200953,0.06801968984036591,
AIDO Protein-RAG (16B) vs ProSST (K=512),0.005,120.86351452492556,0.07252166351100539,
AIDO Protein-RAG (16B) vs ProSST (K=512),0.005,150.70460475124287,0.07816192207702292,
AIDO Protein-RAG (16B) vs ProSST (K=512),0.005,187.9134326227498,0.08523396759631542,
AIDO Protein-RAG (16B) vs ProSST (K=512),0.005,234.3090857664952,0.09410854454697504,
AIDO Protein-RAG (16B) vs ProSST (K=512),0.005,292.1597828663379,0.1052534932117657,
AIDO Protein-RAG (16B) vs ProSST (K=512),0.005,364.2937637065002,0.11925737336960927,
AIDO Protein-RAG (16B) vs ProSST (K=512),0.005,454.23755786456684,0.13685594564261816,
AIDO Protein-RAG (16B) vs ProSST (K=512),0.005,566.3883918172164,0.15895854218996344,
AIDO Protein-RAG (16B) vs ProSST (K=512),0.005,706.2291632012947,0.18666744188705772,
AIDO Protein-RAG (16B) vs ProSST (K=512),0.005,880.5964920216079,0.22127654909681535,
AIDO Protein-RAG (16B) vs ProSST (K=512),0.005,1098.014953454616,0.2642249892461272,
AIDO Protein-RAG (16B) vs ProSST (K=512),0.005,1369.1138324229871,0.3169668843802099,
AIDO Protein-RAG (16B) vs ProSST (K=512),0.005,1707.1467744901138,0.3807045890071532,
AIDO Protein-RAG (16B) vs ProSST (K=512),0.005,2128.639738081042,0.45593174699909145,
AIDO Protein-RAG (16B) vs ProSST (K=512),0.005,2654.198925508949,0.5417717752145643,
AIDO Protein-RAG (16B) vs ProSST (K=512),0.005,3309.5181914266454,0.6352171483000675,
AIDO Protein-RAG (16B) vs ProSST (K=512),0.005,4126.635179495312,0.7306004845203989,
AIDO Protein-RAG (16B) vs ProSST (K=512),0.005,5145.497598037834,0.8198884064818251,
AIDO Protein-RAG (16B) vs ProSST (K=512),0.005,6415.916207705853,0.8944022261903556,
AIDO Protein-RAG (16B) vs ProSST (K=512),0.005,8000.0,0.9478918651554132,
AIDO Protein-RAG (16B) vs S3F,0.005,50.0,0.07158101279837917,
AIDO Protein-RAG (16B) vs S3F,0.005,62.34495386950013,0.07698307766262928,
AIDO Protein-RAG (16B) vs S3F,0.005,77.73786545980201,0.08375540033842004,
AIDO Protein-RAG (16B) vs S3F,0.005,96.9312727200953,0.09225254394528591,
AIDO Protein-RAG (16B) vs S3F,0.005,120.86351452492556,0.10292207397563478,
AIDO Protein-RAG (16B) vs S3F,0.005,150.70460475124287,0.11632749071213007,
AIDO Protein-RAG (16B) vs S3F,0.005,187.9134326227498,0.13317431047702996,
AIDO Protein-RAG (16B) vs S3F,0.005,234.3090857664952,0.1543368361082843,
AIDO Protein-RAG (16B) vs S3F,0.005,292.1597828663379,0.180879670245412,
AIDO Protein-RAG (16B) vs S3F,0.005,364.2937637065002,0.21406184913066775,
AIDO Protein-RAG (16B) vs S3F,0.005,454.23755786456684,0.25530157352858396,
AIDO Protein-RAG (16B) vs S3F,0.005,566.3883918172164,0.3060657226456489,
AIDO Protein-RAG (16B) vs S3F,0.005,706.2291632012947,0.3676336523758824,
AIDO Protein-RAG (16B) vs S3F,0.005,880.5964920216079,0.44067977410804365,
AIDO Protein-RAG (16B) vs S3F,0.005,1098.014953454616,0.5246481176542187,
AIDO Protein-RAG (16B) vs S3F,0.005,1369.1138324229871,0.6169932878803828,
AIDO Protein-RAG (16B) vs S3F,0.005,1707.1467744901138,0.7125685537660768,
AIDO Protein-RAG (16B) vs S3F,0.005,2128.639738081042,0.8037092774645032,
AIDO Protein-RAG (16B) vs S3F,0.005,2654.198925508949,0.8816531577475611,
AIDO Protein-RAG (16B) vs S3F,0.005,3309.5181914266454,0.9394220303716909,
AIDO Protein-RAG (16B) vs S3F,0.005,4126.635179495312,0.974964516769392,
AIDO Protein-RAG (16B) vs S3F,0.005,5145.497598037834,0.9921654194375665,
AIDO Protein-RAG (16B) vs S3F,0.005,6415.916207705853,0.9982889425067832,
AIDO Protein-RAG (16B) vs S3F,0.005,8000.0,0.9997648135564896,
median,0.005,50.0,0.06453263861383648,0.1135
median,0.005,62.34495386950013,0.06815615143875815,0.103
median,0.005,77.73786545980201,0.07269256215225088,0.107
median,0.005,96.9312727200953,0.07837611536642078,0.10375
median,0.005,120.86351452492556,0.08550264471736437,0.11025
median,0.005,150.70460475124287,0.09444583596532036,0.10925
median,0.005,187.9134326227498,0.10567721050068621,0.1215
median,0.005,234.3090857664952,0.1197898686078681,0.13625
median,0.005,292.1597828663379,0.13752503149034412,0.1595
median,0.005,364.2937637065002,0.15979831682144482,0.1765
median,0.005,454.23755786456684,0.18771868590908058,0.2025
median,0.005,566.3883918172164,0.2225860670552886,0.24425
median,0.005,706.2291632012947,0.2658428343793171,0.27775
median,0.005,880.5964920216079,0.31893988496626224,0.34275
median,0.005,1098.014953454616,0.3830642426404914,0.412
median,0.005,1369.1138324229871,0.4586750201999035,0.47925
median,0.005,1707.1467744901138,0.5448358427449138,0.58075
median,0.005,2128.639738081042,0.6384550214662791,0.6655
median,0.005,2654.198925508949,0.7337736113458541,0.76425
median,0.005,3309.5181914266454,0.8226991177942616,0.842
median,0.005,4126.635179495312,0.8965796410640186,0.9155
median,0.005,5145.497598037834,0.9493063839318008,0.96025
median,0.005,6415.916207705853,0.9801988728987573,0.98425
median,0.005,8000.0,0.9942403839615698,0.99725
AIDO Protein-RAG (16B) vs VenusREM,0.01,50.0,0.15384038621594717,
AIDO Protein-RAG (16B) vs VenusREM,0.01,62.34495386950013,0.1802577468643262,
AIDO Protein-RAG (16B) vs VenusREM,0.01,77.73786545980201,0.21328610766869885,
AIDO Protein-RAG (16B) vs VenusREM,0.01,96.9312727200953,0.25434111728557524,
AIDO Protein-RAG (16B) vs VenusREM,0.01,120.86351452492556,0.30489052277579054,
AIDO Protein-RAG (16B) vs VenusREM,0.01,150.70460475124287,0.3662212018924302,
AIDO Protein-RAG (16B) vs VenusREM,0.01,187.9134326227498,0.43902602486744297,
AIDO Protein-RAG (16B) vs VenusREM,0.01,234.3090857664952,0.5227825519375222,
AIDO Protein-RAG (16B) vs VenusREM,0.01,292.1597828663379,0.6149948181283375,
AIDO Protein-RAG (16B) vs VenusREM,0.01,364.2937637065002,0.7105735718063259,
AIDO Protein-RAG (16B) vs VenusREM,0.01,454.23755786456684,0.8018980807367018,
AIDO Protein-RAG (16B) vs VenusREM,0.01,566.3883918172164,0.8802036475108062,
AIDO Protein-RAG (16B) vs VenusREM,0.01,706.2291632012947,0.9384393915110394,
AIDO Protein-RAG (16B) vs VenusREM,0.01,880.5964920216079,0.9744281663528364,
AIDO Protein-RAG (16B) vs VenusREM,0.01,1098.014953454616,0.9919444088056438,
AIDO Protein-RAG (16B) vs VenusREM,0.01,1369.1138324229871,0.9982255765200666,
AIDO Protein-RAG (16B) vs VenusREM,0.01,1707.1467744901138,0.9997534115345068,
AIDO Protein-RAG (16B) vs VenusREM,0.01,2128.639738081042,0.9999810155969678,
AIDO Protein-RAG (16B) vs VenusREM,0.01,2654.198925508949,0.9999993126990632,
AIDO Protein-RAG (16B) vs VenusREM,0.01,3309.5181914266454,0.9999999904808017,
AIDO Protein-RAG (16B) vs VenusREM,0.01,4126.635179495312,0.99999999996109,
AIDO Protein-RAG (16B) vs VenusREM,0.01,5145.497598037834,0.9999999999999661,
AIDO Protein-RAG (16B) vs VenusREM,0.01,6415.916207705853,1.0,
AIDO Protein-RAG (16B) vs VenusREM,0.01,8000.0,1.0,
AIDO Protein-RAG (16B) vs ProSST (K=2048),0.01,50.0,0.12060632356101501,
AIDO Protein-RAG (16B) vs ProSST (K=2048),0.01,62.34495386950013,0.13855089000616666,
AIDO Protein-RAG (16B) vs ProSST (K=2048),0.01,77.73786545980201,0.16108578084200317,
AIDO Protein-RAG (16B) vs ProSST (K=2048),0.01,96.9312727200953,0.18933010273187503,
AIDO Protein-RAG (16B) vs ProSST (K=2048),0.01,120.86351452492556,0.22459283063819857,
AIDO Protein-RAG (16B) vs ProSST (K=2048),0.01,150.70460475124287,0.2683209864198882,
AIDO Protein-RAG (16B) vs ProSST (K=2048),0.01,187.9134326227498,0.32195998173751816,
AIDO Protein-RAG (16B) vs ProSST (K=2048),0.01,234.3090857664952,0.3866725466135612,
AIDO Protein-RAG (16B) vs ProSST (K=2048),0.01,292.1597828663379,0.4628638789243488,
AIDO Protein-RAG (16B) vs ProSST (K=2048),0.01,364.2937637065002,0.549505090599992,
AIDO Protein-RAG (16B) vs ProSST (K=2048),0.01,454.23755786456684,0.6433754696397658,
AIDO Protein-RAG (16B) vs ProSST (K=2048),0.01,566.3883918172164,0.7385776626583702,
AIDO Protein-RAG (16B) vs ProSST (K=2048),0.01,706.2291632012947,0.8269333198457748,
AIDO Protein-RAG (16B) vs ProSST (K=2048),0.01,880.5964920216079,0.8998383196569595,
AIDO Protein-RAG (16B) vs ProSST (K=2048),0.01,1098.014953454616,0.9514052069598863,
AIDO Protein-RAG (16B) vs ProSST (K=2048),0.01,1369.1138324229871,0.9812706883238996,
AIDO Protein-RAG (16B) vs ProSST (K=2048),0.01,1707.1467744901138,0.9946456305691155,
AIDO Protein-RAG (16B) vs ProSST (K=2048),0.01,2128.639738081042,0.9989593310990019,
AIDO Protein-RAG (16B) vs ProSST (K=2048),0.01,2654.198925508949,0.9998768502680906,
AIDO Protein-RAG (16B) vs ProSST (K=2048),0.01,3309.5181914266454,0.9999922806572576,
AIDO Protein-RAG (16B) vs ProSST (K=2048),0.01,4126.635179495312,0.9999997849643943,
AIDO Protein-RAG (16B) vs ProSST (K=2048),0.01,5145.497598037834,0.9999999978656309,
AIDO Protein-RAG (16B) vs ProSST (K=2048),0.01,6415.916207705853,0.9999999999942821,
AIDO Protein-RAG (16B) vs ProSST (K=2048),0.01,8000.0,0.9999999999999971,
AIDO Protein-RAG (16B) vs ProSST (K=4096),0.01,50.0,0.0813741110973709,
AIDO Protein-RAG (16B) vs ProSST (K=4096),0.01,62.34495386950013,0.08926399252272343,
AIDO Protein-RAG (16B) vs ProSST (K=4096),0.01,77.73786545980201,0.09916861229586779,
AIDO Protein-RAG (16B) vs ProSST (K=4096),0.01,96.9312727200953,0.11161088584504553,
AIDO Protein-RAG (16B) vs ProSST (K=4096),0.01,120.86351452492556,0.12724698474208027,
AIDO Protein-RAG (16B) vs ProSST (K=4096),0.01,150.70460475124287,0.14689332222134407,
AIDO Protein-RAG (16B) vs ProSST (K=4096),0.01,187.9134326227498,0.1715507480529694,
AIDO Protein-RAG (16B) vs ProSST (K=4096),0.01,234.3090857664952,0.20241621057821377,
AIDO Protein-RAG (16B) vs ProSST (K=4096),0.01,292.1597828663379,0.24086354886173256,
AIDO Protein-RAG (16B) vs ProSST (K=4096),0.01,364.2937637065002,0.28836244851563425,
AIDO Protein-RAG (16B) vs ProSST (K=4096),0.01,454.23755786456684,0.3462895231511041,
AIDO Protein-RAG (16B) vs ProSST (K=4096),0.01,566.3883918172164,0.4155754459921063,
AIDO Protein-RAG (16B) vs ProSST (K=4096),0.01,706.2291632012947,0.4961461043773371,
AIDO Protein-RAG (16B) vs ProSST (K=4096),0.01,880.5964920216079,0.5861885554600094,
AIDO Protein-RAG (16B) vs ProSST (K=4096),0.01,1098.014953454616,0.6814435658162966,
AIDO Protein-RAG (16B) vs ProSST (K=4096),0.01,1369.1138324229871,0.7749882766424336,
AIDO Protein-RAG (16B) vs ProSST (K=4096),0.01,1707.1467744901138,0.8581638558391139,
AIDO Protein-RAG (16B) vs ProSST (K=4096),0.01,2128.639738081042,0.9230348040528059,
AIDO Protein-RAG (16B) vs ProSST (K=4096),0.01,2654.198925508949,0.9656752895390963,
AIDO Protein-RAG (16B) vs ProSST (K=4096),0.01,3309.5181914266454,0.9881427388779095,
AIDO Protein-RAG (16B) vs ProSST (K=4096),0.01,4126.635179495312,0.9970579167469795,
AIDO Protein-RAG (16B) vs ProSST (K=4096),0.01,5145.497598037834,0.9995235119825542,
AIDO Protein-RAG (16B) vs ProSST (K=4096),0.01,6415.916207705853,0.9999553718412005,
AIDO Protein-RAG (16B) vs ProSST (K=4096),0.01,8000.0,0.9999979250948778,
AIDO Protein-RAG (16B) vs S3F-MSA,0.01,50.0,0.10936412985689196,
AIDO Protein-RAG (16B) vs S3F-MSA,0.01,62.34495386950013,0.12442338300225968,
AIDO Protein-RAG (16B) vs S3F-MSA,0.01,77.73786545980201,0.14334647115916144,
AIDO Protein-RAG (16B) vs S3F-MSA,0.01,96.9312727200953,0.16710260185591388,
AIDO Protein-RAG (16B) vs S3F-MSA,0.01,120.86351452492556,0.19685666179525318,
AIDO Protein-RAG (16B) vs S3F-MSA,0.01,150.70460475124287,0.23395683014236526,
AIDO Protein-RAG (16B) vs S3F-MSA,0.01,187.9134326227498,0.27986646749757377,
AIDO Protein-RAG (16B) vs S3F-MSA,0.01,234.3090857664952,0.3359966831675678,
AIDO Protein-RAG (16B) vs S3F-MSA,0.01,292.1597828663379,0.40338419418490296,
AIDO Protein-RAG (16B) vs S3F-MSA,0.01,364.2937637065002,0.4821672082664214,
AIDO Protein-RAG (16B) vs S3F-MSA,0.01,454.23755786456684,0.5708722817437842,
AIDO Protein-RAG (16B) vs S3F-MSA,0.01,566.3883918172164,0.6656781702687045,
AIDO Protein-RAG (16B) vs S3F-MSA,0.01,706.2291632012947,0.7600749371772366,
AIDO Protein-RAG (16B) vs S3F-MSA,0.01,880.5964920216079,0.8455604910354085,
AIDO Protein-RAG (16B) vs S3F-MSA,0.01,1098.014953454616,0.9138569491642643,
AIDO Protein-RAG (16B) vs S3F-MSA,0.01,1369.1138324229871,0.9601755725977277,
AIDO Protein-RAG (16B) vs S3F-MSA,0.01,1707.1467744901138,0.9855848408740481,
AIDO Protein-RAG (16B) vs S3F-MSA,0.01,2128.639738081042,0.9962005087030729,
AIDO Protein-RAG (16B) vs S3F-MSA,0.01,2654.198925508949,0.9993349013764179,
AIDO Protein-RAG (16B) vs S3F-MSA,0.01,3309.5181914266454,0.999931179561609,
AIDO Protein-RAG (16B) vs S3F-MSA,0.01,4126.635179495312,0.9999963661031713,
AIDO Protein-RAG (16B) vs S3F-MSA,0.01,5145.497598037834,0.999999918640375,
AIDO Protein-RAG (16B) vs S3F-MSA,0.01,6415.916207705853,0.9999999993881896,
AIDO Protein-RAG (16B) vs S3F-MSA,0.01,8000.0,0.999999999998847,
AIDO Protein-RAG (16B) vs S2F-MSA,0.01,50.0,0.1008973878283457,
AIDO Protein-RAG (16B) vs S2F-MSA,0.01,62.34495386950013,0.11378320127800229,
AIDO Protein-RAG (16B) vs S2F-MSA,0.01,77.73786545980201,0.129976978622117,
AIDO Protein-RAG (16B) vs S2F-MSA,0.01,96.9312727200953,0.15032201590317734,
AIDO Protein-RAG (16B) vs S2F-MSA,0.01,120.86351452492556,0.175848986930738,
AIDO Protein-RAG (16B) vs S2F-MSA,0.01,150.70460475124287,0.20778433010106756,
AIDO Protein-RAG (16B) vs S2F-MSA,0.01,187.9134326227498,0.24752393340611725,
AIDO Protein-RAG (16B) vs S2F-MSA,0.01,234.3090857664952,0.2965389038454027,
AIDO Protein-RAG (16B) vs S2F-MSA,0.01,292.1597828663379,0.3561652062530579,
AIDO Protein-RAG (16B) vs S2F-MSA,0.01,364.2937637065002,0.4272210042669279,
AIDO Protein-RAG (16B) vs S2F-MSA,0.01,454.23755786456684,0.5094159706039728,
AIDO Protein-RAG (16B) vs S2F-MSA,0.01,566.3883918172164,0.6006024318533052,
AIDO Protein-RAG (16B) vs S2F-MSA,0.01,706.2291632012947,0.6961059962934387,
AIDO Protein-RAG (16B) vs S2F-MSA,0.01,880.5964920216079,0.788640261052489,
AIDO Protein-RAG (16B) vs S2F-MSA,0.01,1098.014953454616,0.8694612799056712,
AIDO Protein-RAG (16B) vs S2F-MSA,0.01,1369.1138324229871,0.931037509368592,
AIDO Protein-RAG (16B) vs S2F-MSA,0.01,1707.1467744901138,0.9703010936736841,
AIDO Protein-RAG (16B) vs S2F-MSA,0.01,2128.639738081042,0.9901960087252988,
AIDO Protein-RAG (16B) vs S2F-MSA,0.01,2654.198925508949,0.9977059445994411,
AIDO Protein-RAG (16B) vs S2F-MSA,0.01,3309.5181914266454,0.9996554554450832,
AIDO Protein-RAG (16B) vs S2F-MSA,0.01,4126.635179495312,0.9999707015078417,
AIDO Protein-RAG (16B) vs S2F-MSA,0.01,5145.497598037834,0.9999987958542498,
AIDO Protein-RAG (16B) vs S2F-MSA,0.01,6415.916207705853,0.9999999804024956,
AIDO Protein-RAG (16B) vs S2F-MSA,0.01,8000.0,0.9999999999016977,
AIDO Protein-RAG (16B) vs ProSST (K=1024),0.01,50.0,0.08345284163628645,
AIDO Protein-RAG (16B) vs ProSST (K=1024),0.01,62.34495386950013,0.09187278576956927,
AIDO Protein-RAG (16B) vs ProSST (K=1024),0.01,77.73786545980201,0.10244507390639301,
AIDO Protein-RAG (16B) vs ProSST (K=1024),0.01,96.9312727200953,0.11572806422636486,
AIDO Protein-RAG (16B) vs ProSST (K=1024),0.01,120.86351452492556,0.1324210452899752,
AIDO Protein-RAG (16B) vs ProSST (K=1024),0.01,150.70460475124287,0.15339106282414527,
AIDO Protein-RAG (16B) vs ProSST (K=1024),0.01,187.9134326227498,0.17969482550003152,
AIDO Protein-RAG (16B) vs ProSST (K=1024),0.01,234.3090857664952,0.21258388126810418,
AIDO Protein-RAG (16B) vs ProSST (K=1024),0.01,292.1597828663379,0.2534715183772551,
AIDO Protein-RAG (16B) vs ProSST (K=1024),0.01,364.2937637065002,0.30382618535722794,
AIDO Protein-RAG (16B) vs ProSST (K=1024),0.01,454.23755786456684,0.36494144136643586,
AIDO Protein-RAG (16B) vs ProSST (K=1024),0.01,566.3883918172164,0.437526699063414,
AIDO Protein-RAG (16B) vs ProSST (K=1024),0.01,706.2291632012947,0.5210897050937436,
AIDO Protein-RAG (16B) vs ProSST (K=1024),0.01,880.5964920216079,0.613179180761755,
AIDO Protein-RAG (16B) vs ProSST (K=1024),0.01,1098.014953454616,0.7087581356476303,
AIDO Protein-RAG (16B) vs ProSST (K=1024),0.01,1369.1138324229871,0.8002462809155553,
AIDO Protein-RAG (16B) vs ProSST (K=1024),0.01,1707.1467744901138,0.8788778747738609,
AIDO Protein-RAG (16B) vs ProSST (K=1024),0.01,2128.639738081042,0.9375372220889362,
AIDO Protein-RAG (16B) vs ProSST (K=1024),0.01,2654.198925508949,0.9739333029998807,
AIDO Protein-RAG (16B) vs ProSST (K=1024),0.01,3309.5181914266454,0.99173918801254,
AIDO Protein-RAG (16B) vs ProSST (K=1024),0.01,4126.635179495312,0.9981662523360307,
AIDO Protein-RAG (16B) vs ProSST (K=1024),0.01,5145.497598037834,0.9997426238076864,
AIDO Protein-RAG (16B) vs ProSST (K=1024),0.01,6415.916207705853,0.9999799315844485,
AIDO Protein-RAG (16B) vs ProSST (K=1024),0.01,8000.0,0.9999992615778466,
AIDO Protein-RAG (16B) vs ESCOTT,0.01,50.0,0.15300129255533268,
AIDO Protein-RAG (16B) vs ESCOTT,0.01,62.34495386950013,0.179206486533384,
AIDO Protein-RAG (16B) vs ESCOTT,0.01,77.73786545980201,0.211974633027603,
AIDO Protein-RAG (16B) vs ESCOTT,0.01,96.9312727200953,0.25271693388116956,
AIDO Protein-RAG (16B) vs ESCOTT,0.01,120.86351452492556,0.3029023814842192,
AIDO Protein-RAG (16B) vs ESCOTT,0.01,150.70460475124287,0.3638302333602309,
AIDO Protein-RAG (16B) vs ESCOTT,0.01,187.9134326227498,0.43622412502235514,
AIDO Protein-RAG (16B) vs ESCOTT,0.01,234.3090857664952,0.5196178629969772,
AIDO Protein-RAG (16B) vs ESCOTT,0.01,292.1597828663379,0.6115988893622637,
AIDO Protein-RAG (16B) vs ESCOTT,0.01,364.2937637065002,0.707175727406618,
AIDO Protein-RAG (16B) vs ESCOTT,0.01,454.23755786456684,0.7988037116584558,
AIDO Protein-RAG (16B) vs ESCOTT,0.01,566.3883918172164,0.8777170634982558,
AIDO Protein-RAG (16B) vs ESCOTT,0.01,706.2291632012947,0.9367446475526866,
AIDO Protein-RAG (16B) vs ESCOTT,0.01,880.5964920216079,0.973496649650451,
AIDO Protein-RAG (16B) vs ESCOTT,0.01,1098.014953454616,0.9915570795108931,
AIDO Protein-RAG (16B) vs ESCOTT,0.01,1369.1138324229871,0.9981132245128718,
AIDO Protein-RAG (16B) vs ESCOTT,0.01,1707.1467744901138,0.9997328905887575,
AIDO Protein-RAG (16B) vs ESCOTT,0.01,2128.639738081042,0.9999789418031384,
AIDO Protein-RAG (16B) vs ESCOTT,0.01,2654.198925508949,0.9999992141864491,
AIDO Protein-RAG (16B) vs ESCOTT,0.01,3309.5181914266454,0.9999999886891459,
AIDO Protein-RAG (16B) vs ESCOTT,0.01,4126.635179495312,0.9999999999514522,
AIDO Protein-RAG (16B) vs ESCOTT,0.01,5145.497598037834,0.999999999999955,
AIDO Protein-RAG (16B) vs ESCOTT,0.01,6415.916207705853,1.0,
AIDO Protein-RAG (16B) vs ESCOTT,0.01,8000.0,1.0,
AIDO Protein-RAG (16B) vs ProSST (K=512),0.01,50.0,0.08754006275617647,
AIDO Protein-RAG (16B) vs ProSST (K=512),0.01,62.34495386950013,0.09700384119483509,
AIDO Protein-RAG (16B) vs ProSST (K=512),0.01,77.73786545980201,0.10889091504634794,
AIDO Protein-RAG (16B) vs ProSST (K=512),0.01,96.9312727200953,0.12382866944061112,
AIDO Protein-RAG (16B) vs ProSST (K=512),0.01,120.86351452492556,0.1425993563878615,
AIDO Protein-RAG (16B) vs ProSST (K=512),0.01,150.70460475124287,0.16616541878375185,
AIDO Protein-RAG (16B) vs ProSST (K=512),0.01,187.9134326227498,0.19568479250199625,
AIDO Protein-RAG (16B) vs ProSST (K=512),0.01,234.3090857664952,0.2324998870663053,
AIDO Protein-RAG (16B) vs ProSST (K=512),0.01,292.1597828663379,0.27807210429069057,
AIDO Protein-RAG (16B) vs ProSST (K=512),0.01,364.2937637065002,0.33381883319594613,
AIDO Protein-RAG (16B) vs ProSST (K=512),0.01,454.23755786456684,0.4007977524544851,
AIDO Protein-RAG (16B) vs ProSST (K=512),0.01,566.3883918172164,0.4791902302680753,
AIDO Protein-RAG (16B) vs ProSST (K=512),0.01,706.2291632012947,0.5675932735422783,
AIDO Protein-RAG (16B) vs ProSST (K=512),0.01,880.5964920216079,0.6622787213532296,
AIDO Protein-RAG (16B) vs ProSST (K=512),0.01,1098.014953454616,0.75682812980607,
AIDO Protein-RAG (16B) vs ProSST (K=512),0.01,1369.1138324229871,0.8427813938024206,
AIDO Protein-RAG (16B) vs ProSST (K=512),0.01,1707.1467744901138,0.9117990843553788,
AIDO Protein-RAG (16B) vs ProSST (K=512),0.01,2128.639738081042,0.9589153442387535,
AIDO Protein-RAG (16B) vs ProSST (K=512),0.01,2654.198925508949,0.9849820635243244,
AIDO Protein-RAG (16B) vs ProSST (K=512),0.01,3309.5181914266454,0.9959910789280277,
AIDO Protein-RAG (16B) vs ProSST (K=512),0.01,4126.635179495312,0.9992866808796601,
AIDO Protein-RAG (16B) vs ProSST (K=512),0.01,5145.497598037834,0.9999246274270963,
AIDO Protein-RAG (16B) vs ProSST (K=512),0.01,6415.916207705853,0.9999959121813564,
AIDO Protein-RAG (16B) vs ProSST (K=512),0.01,8000.0,0.9999999053043135,
AIDO Protein-RAG (16B) vs S3F,0.01,50.0,0.13867285138544097,
AIDO Protein-RAG (16B) vs S3F,0.01,62.34495386950013,0.16123883566119315,
AIDO Protein-RAG (16B) vs S3F,0.01,77.73786545980201,0.18952164878144506,
AIDO Protein-RAG (16B) vs S3F,0.01,96.9312727200953,0.22483132592647567,
AIDO Protein-RAG (16B) vs S3F,0.01,120.86351452492556,0.26861541462573174,
AIDO Protein-RAG (16B) vs S3F,0.01,150.70460475124287,0.32231863087644774,
AIDO Protein-RAG (16B) vs S3F,0.01,187.9134326227498,0.387100753290344,
AIDO Protein-RAG (16B) vs S3F,0.01,234.3090857664952,0.46336049265625495,
AIDO Protein-RAG (16B) vs S3F,0.01,292.1597828663379,0.5500578966804169,
AIDO Protein-RAG (16B) vs S3F,0.01,364.2937637065002,0.6439569189502038,
AIDO Protein-RAG (16B) vs S3F,0.01,454.23755786456684,0.7391439143345067,
AIDO Protein-RAG (16B) vs S3F,0.01,566.3883918172164,0.8274307125986149,
AIDO Protein-RAG (16B) vs S3F,0.01,706.2291632012947,0.9002194059149071,
AIDO Protein-RAG (16B) vs S3F,0.01,880.5964920216079,0.9516492175091309,
AIDO Protein-RAG (16B) vs S3F,0.01,1098.014953454616,0.9813943501264274,
AIDO Protein-RAG (16B) vs S3F,0.01,1369.1138324229871,0.9946919262113656,
AIDO Protein-RAG (16B) vs S3F,0.01,1707.1467744901138,0.9989710635586634,
AIDO Protein-RAG (16B) vs S3F,0.01,2128.639738081042,0.9998786526489156,
AIDO Protein-RAG (16B) vs S3F,0.01,2654.198925508949,0.9999924266832483,
AIDO Protein-RAG (16B) vs S3F,0.01,3309.5181914266454,0.9999997901995585,
AIDO Protein-RAG (16B) vs S3F,0.01,4126.635179495312,0.9999999979322248,
AIDO Protein-RAG (16B) vs S3F,0.01,5145.497598037834,0.9999999999945097,
AIDO Protein-RAG (16B) vs S3F,0.01,6415.916207705853,0.9999999999999972,
AIDO Protein-RAG (16B) vs S3F,0.01,8000.0,1.0,
median,0.01,50.0,0.1093428771667255,0.16125
median,0.01,62.34495386950013,0.12439667364972619,0.17125
median,0.01,77.73786545980201,0.14331291775697683,0.1835
median,0.01,96.9312727200953,0.16706051394435079,0.215
median,0.01,120.86351452492556,0.1968040382054013,0.2235
median,0.01,150.70460475124287,0.23389141328945176,0.268
median,0.01,187.9134326227498,0.2797859164897007,0.30775
median,0.01,234.3090857664952,0.3358989465225003,0.36825
median,0.01,292.1597828663379,0.40326817220223954,0.4355
median,0.01,364.2937637065002,0.4820337515906528,0.5125
median,0.01,454.23755786456684,0.5707254135715418,0.5855
median,0.01,566.3883918172164,0.6655260890835648,0.69425
median,0.01,706.2291632012947,0.759929917773883,0.76875
median,0.01,880.5964920216079,0.8454366268173998,0.86725
median,0.01,1098.014953454616,0.9137654879070221,0.9365
median,0.01,1369.1138324229871,0.9601197676981372,0.96775
median,0.01,1707.1467744901138,0.9855582761809145,0.992
median,0.01,2128.639738081042,0.9961913358701543,0.998
median,0.01,2654.198925508949,0.9993328060961043,1.0
median,0.01,3309.5181914266454,0.9999308977501113,1.0
median,0.01,4126.635179495312,0.9999963468333375,1.0
median,0.01,5145.497598037834,0.99999991808362,1.0
median,0.01,6415.916207705853,0.9999999993828039,1.0
median,0.01,8000.0,0.999999999998834,1.0
