pair,delta,units_needed
AIDO Protein-RAG (16B) vs VenusREM,0.002,11301.04567482254
AIDO Protein-RAG (16B) vs VenusREM,0.002195759986649803,9375.811950853355
AIDO Protein-RAG (16B) vs VenusREM,0.0024106809594861708,7778.558928720111
AIDO Protein-RAG (16B) vs VenusREM,0.0026466383957091414,6453.412176431759
AIDO Protein-RAG (16B) vs VenusREM,0.0029056913442145793,5354.015968838353
AIDO Protein-RAG (16B) vs VenusREM,0.003190100393590526,4441.911691192472
AIDO Protein-RAG (16B) vs VenusREM,0.0035023473988209314,3685.192496098076
AIDO Protein-RAG (16B) vs VenusREM,0.00384515713883901,3057.387151623384
AIDO Protein-RAG (16B) vs VenusREM,0.004221521093921764,2536.53403582286
AIDO Protein-RAG (16B) vs VenusREM,0.004634723550415757,2104.412884534928
AIDO Protein-RAG (16B) vs VenusREM,0.005088370260593214,1745.9074177808059
AIDO Protein-RAG (16B) vs VenusREM,0.005586419907734704,1448.4765484296524
AIDO Protein-RAG (16B) vs VenusREM,0.006133218651013872,1201.715675174529
AIDO Protein-RAG (16B) vs VenusREM,0.006733538051635264,996.9927131549365
AIDO Protein-RAG (16B) vs VenusREM,0.007392616711182299,827.1461300025705
AIDO Protein-RAG (16B) vs VenusREM,0.008116205985526368,686.2344241345613
AIDO Protein-RAG (16B) vs VenusREM,0.008910620173213212,569.3282816493729
AIDO Protein-RAG (16B) vs VenusREM,0.009782791616288053,472.338141145582
AIDO Protein-RAG (16B) vs VenusREM,0.010740331194389222,391.8711344086443
AIDO Protein-RAG (16B) vs VenusREM,0.011791594740003268,325.11239852507936
AIDO Protein-RAG (16B) vs VenusREM,0.012945755954444723,269.7266075344756
AIDO Protein-RAG (16B) vs VenusREM,0.014212886460851573,223.7762790410615
AIDO Protein-RAG (16B) vs VenusREM,0.015604043692767305,185.6539980211722
AIDO Protein-RAG (16B) vs VenusREM,0.01713136738525684,154.02618690840262
AIDO Protein-RAG (16B) vs VenusREM,0.018808185510572197,127.78645494527245
AIDO Protein-RAG (16B) vs VenusREM,0.02064913058280051,106.01689488808152
AIDO Protein-RAG (16B) vs VenusREM,0.02267026734641003,87.9559731626028
AIDO Protein-RAG (16B) vs VenusREM,0.02488923296295037,72.97189021756772
AIDO Protein-RAG (16B) vs VenusREM,0.027325390919225864,60.54047917906272
AIDO Protein-RAG (16B) vs VenusREM,0.03,50.22686966587796
AIDO Protein-RAG (16B) vs ProSST (K=2048),0.002,16454.14486215144
AIDO Protein-RAG (16B) vs ProSST (K=2048),0.002195759986649803,13651.03482267399
AIDO Protein-RAG (16B) vs ProSST (K=2048),0.0024106809594861708,11325.459529562693
AIDO Protein-RAG (16B) vs ProSST (K=2048),0.0026466383957091414,9396.066688125085
AIDO Protein-RAG (16B) vs ProSST (K=2048),0.0029056913442145793,7795.363091205427
AIDO Protein-RAG (16B) vs ProSST (K=2048),0.003190100393590526,6467.353600259888
AIDO Protein-RAG (16B) vs ProSST (K=2048),0.0035023473988209314,5365.582347021471
AIDO Protein-RAG (16B) vs ProSST (K=2048),0.00384515713883901,4451.507633897046
AIDO Protein-RAG (16B) vs ProSST (K=2048),0.004221521093921764,3693.153684547192
AIDO Protein-RAG (16B) vs ProSST (K=2048),0.004634723550415757,3063.9920807557837
AIDO Protein-RAG (16B) vs ProSST (K=2048),0.005088370260593214,2542.013756485524
AIDO Protein-RAG (16B) vs ProSST (K=2048),0.005586419907734704,2108.9590860064254
AIDO Protein-RAG (16B) vs ProSST (K=2048),0.006133218651013872,1749.6791333648268
AIDO Protein-RAG (16B) vs ProSST (K=2048),0.006733538051635264,1451.6057186910118
AIDO Protein-RAG (16B) vs ProSST (K=2048),0.007392616711182299,1204.3117634283835
AIDO Protein-RAG (16B) vs ProSST (K=2048),0.008116205985526368,999.1465346663555
AIDO Protein-RAG (16B) vs ProSST (K=2048),0.008910620173213212,828.9330288478492
AIDO Protein-RAG (16B) vs ProSST (K=2048),0.009782791616288053,687.716908855939
AIDO Protein-RAG (16B) vs ProSST (K=2048),0.010740331194389222,570.5582119025194
AIDO Protein-RAG (16B) vs ProSST (K=2048),0.011791594740003268,473.3585418322068
AIDO Protein-RAG (16B) vs ProSST (K=2048),0.012945755954444723,392.71770075547636
AIDO Protein-RAG (16B) vs ProSST (K=2048),0.014212886460851573,325.8147447592426
AIDO Protein-RAG (16B) vs ProSST (K=2048),0.015604043692767305,270.3093028359
AIDO Protein-RAG (16B) vs ProSST (K=2048),0.01713136738525684,224.25970701118044
AIDO Protein-RAG (16B) vs ProSST (K=2048),0.018808185510572197,186.05506973347562
AIDO Protein-RAG (16B) vs ProSST (K=2048),0.02064913058280051,154.3589324844816
AIDO Protein-RAG (16B) vs ProSST (K=2048),0.02267026734641003,128.06251435061975
AIDO Protein-RAG (16B) vs ProSST (K=2048),0.02488923296295037,106.2459251164583
AIDO Protein-RAG (16B) vs ProSST (K=2048),0.027325390919225864,88.14598605292367
AIDO Protein-RAG (16B) vs ProSST (K=2048),0.03,73.12953272067305
AIDO Protein-RAG (16B) vs ProSST (K=4096),0.002,36436.81411813259
AIDO Protein-RAG (16B) vs ProSST (K=4096),0.002195759986649803,30229.47850046402
AIDO Protein-RAG (16B) vs ProSST (K=4096),0.0024106809594861708,25079.617758218283
AIDO Protein-RAG (16B) vs ProSST (K=4096),0.0026466383957091414,20807.081633534755
AIDO Protein-RAG (16B) vs ProSST (K=4096),0.0029056913442145793,17262.410068539084
AIDO Protein-RAG (16B) vs ProSST (K=4096),0.003190100393590526,14321.604856594971
AIDO Protein-RAG (16B) vs ProSST (K=4096),0.0035023473988209314,11881.791989303783
AIDO Protein-RAG (16B) vs ProSST (K=4096),0.00384515713883901,9857.622961303308
AIDO Protein-RAG (16B) vs ProSST (K=4096),0.004221521093921764,8178.289144826906
AIDO Protein-RAG (16B) vs ProSST (K=4096),0.004634723550415757,6785.044792132163
AIDO Protein-RAG (16B) vs ProSST (K=4096),0.005088370260593214,5629.152016514351
AIDO Protein-RAG (16B) vs ProSST (K=4096),0.005586419907734704,4670.175864096249
AIDO Protein-RAG (16B) vs ProSST (K=4096),0.006133218651013872,3874.569835314651
AIDO Protein-RAG (16B) vs ProSST (K=4096),0.006733538051635264,3214.502375412226
AIDO Protein-RAG (16B) vs ProSST (K=4096),0.007392616711182299,2666.8832827197343
AIDO Protein-RAG (16B) vs ProSST (K=4096),0.008116205985526368,2212.555976953647
AIDO Protein-RAG (16B) vs ProSST (K=4096),0.008910620173213212,1835.627371798919
AIDO Protein-RAG (16B) vs ProSST (K=4096),0.009782791616288053,1522.911909662386
AIDO Protein-RAG (16B) vs ProSST (K=4096),0.010740331194389222,1263.470310054626
AIDO Protein-RAG (16B) vs ProSST (K=4096),0.011791594740003268,1048.2268962906903
AIDO Protein-RAG (16B) vs ProSST (K=4096),0.012945755954444723,869.6521139936475
AIDO Protein-RAG (16B) vs ProSST (K=4096),0.014212886460851573,721.4991353970051
AIDO Protein-RAG (16B) vs ProSST (K=4096),0.015604043692767305,598.5853354487776
AIDO Protein-RAG (16B) vs ProSST (K=4096),0.01713136738525684,496.6109954063471
AIDO Protein-RAG (16B) vs ProSST (K=4096),0.018808185510572197,412.0088918877086
AIDO Protein-RAG (16B) vs ProSST (K=4096),0.02064913058280051,341.8195097666736
AIDO Protein-RAG (16B) vs ProSST (K=4096),0.02267026734641003,283.587513662141
AIDO Protein-RAG (16B) vs ProSST (K=4096),0.02488923296295037,235.27585643069662
AIDO Protein-RAG (16B) vs ProSST (K=4096),0.027325390919225864,195.1945200420424
AIDO Protein-RAG (16B) vs ProSST (K=4096),0.03,161.9413960805893
AIDO Protein-RAG (16B) vs S3F-MSA,0.002,19489.90045863953
AIDO Protein-RAG (16B) vs S3F-MSA,0.002195759986649803,16169.622431326405
AIDO Protein-RAG (16B) vs S3F-MSA,0.0024106809594861708,13414.983320541032
AIDO Protein-RAG (16B) vs S3F-MSA,0.0026466383957091414,11129.621501967988
AIDO Protein-RAG (16B) vs S3F-MSA,0.0029056913442145793,9233.59141173143
AIDO Protein-RAG (16B) vs S3F-MSA,0.003190100393590526,7660.566924376038
AIDO Protein-RAG (16B) vs S3F-MSA,0.0035023473988209314,6355.521160302246
AIDO Protein-RAG (16B) vs S3F-MSA,0.00384515713883901,5272.801558657439
AIDO Protein-RAG (16B) vs S3F-MSA,0.004221521093921764,4374.532878694435
AIDO Protein-RAG (16B) vs S3F-MSA,0.004634723550415757,3629.292264063722
AIDO Protein-RAG (16B) vs S3F-MSA,0.005088370260593214,3011.0100216971846
AIDO Protein-RAG (16B) vs S3F-MSA,0.005586419907734704,2498.0576627933146
AIDO Protein-RAG (16B) vs S3F-MSA,0.006133218651013872,2072.4913041382033
AIDO Protein-RAG (16B) vs S3F-MSA,0.006733538051635264,1719.4239627461552
AIDO Protein-RAG (16B) vs S3F-MSA,0.007392616711182299,1426.5047856956085
AIDO Protein-RAG (16B) vs S3F-MSA,0.008116205985526368,1183.4869977980552
AIDO Protein-RAG (16B) vs S3F-MSA,0.008910620173213212,981.8694532272838
AIDO Protein-RAG (16B) vs S3F-MSA,0.009782791616288053,814.5992520192856
AIDO Protein-RAG (16B) vs S3F-MSA,0.010740331194389222,675.8250184984374
AIDO Protein-RAG (16B) vs S3F-MSA,0.011791594740003268,560.6922109199282
AIDO Protein-RAG (16B) vs S3F-MSA,0.012945755954444723,465.17330193659365
AIDO Protein-RAG (16B) vs S3F-MSA,0.014212886460851573,385.92688933482424
AIDO Protein-RAG (16B) vs S3F-MSA,0.015604043692767305,320.1808085107068
AIDO Protein-RAG (16B) vs S3F-MSA,0.01713136738525684,265.6351577762926
AIDO Protein-RAG (16B) vs S3F-MSA,0.018808185510572197,220.38184416814107
AIDO Protein-RAG (16B) vs S3F-MSA,0.02064913058280051,182.83783534351616
AIDO Protein-RAG (16B) vs S3F-MSA,0.02267026734641003,151.6897826102112
AIDO Protein-RAG (16B) vs S3F-MSA,0.02488923296295037,125.84807791616149
AIDO Protein-RAG (16B) vs S3F-MSA,0.027325390919225864,104.40873763982906
AIDO Protein-RAG (16B) vs S3F-MSA,0.03,86.62177981617572
AIDO Protein-RAG (16B) vs S2F-MSA,0.002,22655.85246217743
AIDO Protein-RAG (16B) vs S2F-MSA,0.002195759986649803,18796.22633017888
AIDO Protein-RAG (16B) vs S2F-MSA,0.0024106809594861708,15594.121865205463
AIDO Protein-RAG (16B) vs S2F-MSA,0.0026466383957091414,12937.524398524582
AIDO Protein-RAG (16B) vs S2F-MSA,0.0029056913442145793,10733.501957291086
AIDO Protein-RAG (16B) vs S2F-MSA,0.003190100393590526,8904.954357443383
AIDO Protein-RAG (16B) vs S2F-MSA,0.0035023473988209314,7387.916117561612
AIDO Protein-RAG (16B) vs S2F-MSA,0.00384515713883901,6129.318845357556
AIDO Protein-RAG (16B) vs S2F-MSA,0.004221521093921764,5085.134821543548
AIDO Protein-RAG (16B) vs S2F-MSA,0.004634723550415757,4218.836840713612
AIDO Protein-RAG (16B) vs S2F-MSA,0.005088370260593214,3500.120432039954
AIDO Protein-RAG (16B) vs S2F-MSA,0.005586419907734704,2903.8437610474953
AIDO Protein-RAG (16B) vs S2F-MSA,0.006133218651013872,2409.148128557369
AIDO Protein-RAG (16B) vs S2F-MSA,0.006733538051635264,1998.728300464012
AIDO Protein-RAG (16B) vs S2F-MSA,0.007392616711182299,1658.2271433296846
AIDO Protein-RAG (16B) vs S2F-MSA,0.008116205985526368,1375.7333891940095
AIDO Protein-RAG (16B) vs S2F-MSA,0.008910620173213212,1141.3649606186323
AIDO Protein-RAG (16B) vs S2F-MSA,0.009782791616288053,946.9232800195268
AIDO Protein-RAG (16B) vs S2F-MSA,0.010740331194389222,785.60647048157
AIDO Protein-RAG (16B) vs S2F-MSA,0.011791594740003268,651.7714153672327
AIDO Protein-RAG (16B) vs S2F-MSA,0.012945755954444723,540.7363531888985
AIDO Protein-RAG (16B) vs S2F-MSA,0.014212886460851573,448.6171022018233
AIDO Protein-RAG (16B) vs S2F-MSA,0.015604043692767305,372.19118559549645
AIDO Protein-RAG (16B) vs S2F-MSA,0.01713136738525684,308.7851041681001
AIDO Protein-RAG (16B) vs S2F-MSA,0.018808185510572197,256.1808131042916
AIDO Protein-RAG (16B) vs S2F-MSA,0.02064913058280051,212.53813126635862
AIDO Protein-RAG (16B) vs S2F-MSA,0.02267026734641003,176.33036875328432
AIDO Protein-RAG (16B) vs S2F-MSA,0.02488923296295037,146.29092087811458
AIDO Protein-RAG (16B) vs S2F-MSA,0.027325390919225864,121.3689603366644
AIDO Protein-RAG (16B) vs S2F-MSA,0.03,100.69267760967749
AIDO Protein-RAG (16B) vs ProSST (K=1024),0.002,34206.436426683766
AIDO Protein-RAG (16B) vs ProSST (K=1024),0.002195759986649803,28379.065501869445
AIDO Protein-RAG (16B) vs ProSST (K=1024),0.0024106809594861708,23544.43908489522
AIDO Protein-RAG (16B) vs ProSST (K=1024),0.0026466383957091414,19533.434312198395
AIDO Protein-RAG (16B) vs ProSST (K=1024),0.0029056913442145793,16205.739905426466
AIDO Protein-RAG (16B) vs ProSST (K=1024),0.003190100393590526,13444.947861438015
AIDO Protein-RAG (16B) vs ProSST (K=1024),0.0035023473988209314,11154.481316601736
AIDO Protein-RAG (16B) vs ProSST (K=1024),0.00384515713883901,9254.21613565926
AIDO Protein-RAG (16B) vs ProSST (K=1024),0.004221521093921764,7677.678042997269
AIDO Protein-RAG (16B) vs ProSST (K=1024),0.004634723550415757,6369.717247556261
AIDO Protein-RAG (16B) vs ProSST (K=1024),0.005088370260593214,5284.579216085024
AIDO Protein-RAG (16B) vs ProSST (K=1024),0.005586419907734704,4384.304107343525
AIDO Protein-RAG (16B) vs ProSST (K=1024),0.006133218651013872,3637.3988769364382
AIDO Protein-RAG (16B) vs ProSST (K=1024),0.006733538051635264,3017.7356009081727
AIDO Protein-RAG (16B) vs ProSST (K=1024),0.007392616711182299,2503.6374797197454
AIDO Protein-RAG (16B) vs ProSST (K=1024),0.008116205985526368,2077.120549583959
AIDO Protein-RAG (16B) vs ProSST (K=1024),0.008910620173213212,1723.2645750242216
AIDO Protein-RAG (16B) vs ProSST (K=1024),0.009782791616288053,1429.6911154859167
AIDO Protein-RAG (16B) vs ProSST (K=1024),0.010740331194389222,1186.1305079463127
AIDO Protein-RAG (16B) vs ProSST (K=1024),0.011791594740003268,984.0626178912809
AIDO Protein-RAG (16B) vs ProSST (K=1024),0.012945755954444723,816.4187915608971
AIDO Protein-RAG (16B) vs ProSST (K=1024),0.014212886460851573,677.3345832829862
AIDO Protein-RAG (16B) vs ProSST (K=1024),0.015604043692767305,561.9446079064381
AIDO Protein-RAG (16B) vs ProSST (K=1024),0.01713136738525684,466.2123419485711
AIDO Protein-RAG (16B) vs ProSST (K=1024),0.018808185510572197,386.78891963202256
AIDO Protein-RAG (16B) vs ProSST (K=1024),0.02064913058280051,320.8959842736431
AIDO Protein-RAG (16B) vs ProSST (K=1024),0.02267026734641003,266.22849698206545
AIDO Protein-RAG (16B) vs ProSST (K=1024),0.02488923296295037,220.8741027587586
AIDO Protein-RAG (16B) vs ProSST (K=1024),0.027325390919225864,183.2462333015126
AIDO Protein-RAG (16B) vs ProSST (K=1024),0.03,152.02860634081676
AIDO Protein-RAG (16B) vs ESCOTT,0.002,11390.625134520547
AIDO Protein-RAG (16B) vs ESCOTT,0.002195759986649803,9450.130752223988
AIDO Protein-RAG (16B) vs ESCOTT,0.0024106809594861708,7840.216860748142
AIDO Protein-RAG (16B) vs ESCOTT,0.0026466383957091414,6504.566130907072
AIDO Protein-RAG (16B) vs ESCOTT,0.0029056913442145793,5396.455391835426
AIDO Protein-RAG (16B) vs ESCOTT,0.003190100393590526,4477.1211807187165
AIDO Protein-RAG (16B) vs ESCOTT,0.0035023473988209314,3714.4037356755844
AIDO Protein-RAG (16B) vs ESCOTT,0.00384515713883901,3081.621996522757
AIDO Protein-RAG (16B) vs ESCOTT,0.004221521093921764,2556.6402591735755
AIDO Protein-RAG (16B) vs ESCOTT,0.004634723550415757,2121.0938337676303
AIDO Protein-RAG (16B) vs ESCOTT,0.005088370260593214,1759.746618830668
AIDO Protein-RAG (16B) vs ESCOTT,0.005586419907734704,1459.9581183946905
AIDO Protein-RAG (16B) vs ESCOTT,0.006133218651013872,1211.2412574958703
AIDO Protein-RAG (16B) vs ESCOTT,0.006733538051635264,1004.8955277383909
AIDO Protein-RAG (16B) vs ESCOTT,0.007392616711182299,833.7026297769235
AIDO Protein-RAG (16B) vs ESCOTT,0.008116205985526368,691.6739658114082
AIDO Protein-RAG (16B) vs ESCOTT,0.008910620173213212,573.8411489829302
AIDO Protein-RAG (16B) vs ESCOTT,0.009782791616288053,476.08220135877514
AIDO Protein-RAG (16B) vs ESCOTT,0.010740331194389222,394.97736063776034
AIDO Protein-RAG (16B) vs ESCOTT,0.011791594740003268,327.68945146681585
AIDO Protein-RAG (16B) vs ESCOTT,0.012945755954444723,271.8646365686335
AIDO Protein-RAG (16B) vs ESCOTT,0.014212886460851573,225.55007579815177
AIDO Protein-RAG (16B) vs ESCOTT,0.015604043692767305,187.12561271171035
AIDO Protein-RAG (16B) vs ESCOTT,0.01713136738525684,155.24709893721948
AIDO Protein-RAG (16B) vs ESCOTT,0.018808185510572197,128.79937374235544
AIDO Protein-RAG (16B) vs ESCOTT,0.02064913058280051,106.8572539518532
AIDO Protein-RAG (16B) vs ESCOTT,0.02267026734641003,88.65316957962749
AIDO Protein-RAG (16B) vs ESCOTT,0.02488923296295037,73.55031301904307
AIDO Protein-RAG (16B) vs ESCOTT,0.027325390919225864,61.020362507629486
AIDO Protein-RAG (16B) vs ESCOTT,0.03,50.62500059786911
AIDO Protein-RAG (16B) vs ProSST (K=512),0.002,30540.010497811316
AIDO Protein-RAG (16B) vs ProSST (K=512),0.002195759986649803,25337.24786569918
AIDO Protein-RAG (16B) vs ProSST (K=512),0.0024106809594861708,21020.822158980125
AIDO Protein-RAG (16B) vs ProSST (K=512),0.0026466383957091414,17439.73799292021
AIDO Protein-RAG (16B) vs ProSST (K=512),0.0029056913442145793,14468.723390620255
AIDO Protein-RAG (16B) vs ProSST (K=512),0.003190100393590526,12003.847571521217
AIDO Protein-RAG (16B) vs ProSST (K=512),0.0035023473988209314,9958.885288644586
AIDO Protein-RAG (16B) vs ProSST (K=512),0.00384515713883901,8262.300533345806
AIDO Protein-RAG (16B) vs ProSST (K=512),0.004221521093921764,6854.744092811775
AIDO Protein-RAG (16B) vs ProSST (K=512),0.004634723550415757,5686.977420913336
AIDO Protein-RAG (16B) vs ProSST (K=512),0.005088370260593214,4718.150196138353
AIDO Protein-RAG (16B) vs ProSST (K=512),0.005586419907734704,3914.37131286258
AIDO Protein-RAG (16B) vs ProSST (K=512),0.006133218651013872,3247.5233169775533
AIDO Protein-RAG (16B) vs ProSST (K=512),0.006733538051635264,2694.27881296226
AIDO Protein-RAG (16B) vs ProSST (K=512),0.007392616711182299,2235.284434765297
AIDO Protein-RAG (16B) vs ProSST (K=512),0.008116205985526368,1854.4838345110134
AIDO Protein-RAG (16B) vs ProSST (K=512),0.008910620173213212,1538.5560061056703
AIDO Protein-RAG (16B) vs ProSST (K=512),0.009782791616288053,1276.4492954170169
AIDO Protein-RAG (16B) vs ProSST (K=512),0.010740331194389222,1058.9947959676003
AIDO Protein-RAG (16B) vs ProSST (K=512),0.011791594740003268,878.5856061129897
AIDO Protein-RAG (16B) vs ProSST (K=512),0.012945755954444723,728.9107276147055
AIDO Protein-RAG (16B) vs ProSST (K=512),0.014212886460851573,604.7342969598687
AIDO Protein-RAG (16B) vs ProSST (K=512),0.015604043692767305,501.7124265906725
AIDO Protein-RAG (16B) vs ProSST (K=512),0.01713136738525684,416.24124886074594
AIDO Protein-RAG (16B) vs ProSST (K=512),0.018808185510572197,345.33084705615045
AIDO Protein-RAG (16B) vs ProSST (K=512),0.02064913058280051,286.500663389117
AIDO Protein-RAG (16B) vs ProSST (K=512),0.02267026734641003,237.69272517105207
AIDO Protein-RAG (16B) vs ProSST (K=512),0.02488923296295037,197.1996536793617
AIDO Protein-RAG (16B) vs ProSST (K=512),0.027325390919225864,163.6049373546255
AIDO Protein-RAG (16B) vs ProSST (K=512),0.03,135.73337999027254
AIDO Protein-RAG (16B) vs S3F,0.002,13178.381041707524
AIDO Protein-RAG (16B) vs S3F,0.002195759986649803,10933.326527386229
AIDO Protein-RAG (16B) vs S3F,0.0024106809594861708,9070.737033337366
AIDO Protein-RAG (16B) vs S3F,0.0026466383957091414,7525.456238946511
AIDO Protein-RAG (16B) vs S3F,0.0029056913442145793,6243.427782787599
AIDO Protein-RAG (16B) vs S3F,0.003190100393590526,5179.8042857719065
AIDO Protein-RAG (16B) vs S3F,0.0035023473988209314,4297.378519035524
AIDO Protein-RAG (16B) vs S3F,0.00384515713883901,3565.281836341791
AIDO Protein-RAG (16B) vs S3F,0.004221521093921764,2957.90434010955
AIDO Protein-RAG (16B) vs S3F,0.004634723550415757,2453.9990067702847
AIDO Protein-RAG (16B) vs S3F,0.005088370260593214,2035.9384323451472
AIDO Protein-RAG (16B) vs S3F,0.005586419907734704,1689.0981980287438
AIDO Protein-RAG (16B) vs S3F,0.006133218651013872,1401.345284934569
AIDO Protein-RAG (16B) vs S3F,0.006733538051635264,1162.6136419422867
AIDO Protein-RAG (16B) vs S3F,0.007392616711182299,964.5520593401894
AIDO Protein-RAG (16B) vs S3F,0.008116205985526368,800.2320303270512
AIDO Protein-RAG (16B) vs S3F,0.008910620173213212,663.9053809074915
AIDO Protein-RAG (16B) vs S3F,0.009782791616288053,550.803189692095
AIDO Protein-RAG (16B) vs S3F,0.010740331194389222,456.96896349942335
AIDO Protein-RAG (16B) vs S3F,0.011791594740003268,379.12023297917034
AIDO Protein-RAG (16B) vs S3F,0.012945755954444723,314.53372665288657
AIDO Protein-RAG (16B) vs S3F,0.014212886460851573,260.9501065789547
AIDO Protein-RAG (16B) vs S3F,0.015604043692767305,216.494933145011
AIDO Protein-RAG (16B) vs S3F,0.01713136738525684,179.61309421148474
AIDO Protein-RAG (16B) vs S3F,0.018808185510572197,149.01440483419998
AIDO Protein-RAG (16B) vs S3F,0.02064913058280051,123.62847455846
AIDO Protein-RAG (16B) vs S3F,0.02267026734641003,102.56726347132319
AIDO Protein-RAG (16B) vs S3F,0.02488923296295037,85.09401716366905
AIDO Protein-RAG (16B) vs S3F,0.027325390919225864,70.5974938979952
AIDO Protein-RAG (16B) vs S3F,0.03,58.570582407589
AIDO Protein-RAG (16B) vs PoET (200M),0.002,19496.72176729477
AIDO Protein-RAG (16B) vs PoET (200M),0.002195759986649803,16175.281669334154
AIDO Protein-RAG (16B) vs PoET (200M),0.0024106809594861708,13419.67845697995
AIDO Protein-RAG (16B) vs PoET (200M),0.0026466383957091414,11133.516780122025
AIDO Protein-RAG (16B) vs PoET (200M),0.0029056913442145793,9236.82309457914
AIDO Protein-RAG (16B) vs PoET (200M),0.003190100393590526,7663.248061284675
AIDO Protein-RAG (16B) vs PoET (200M),0.0035023473988209314,6357.745541673067
AIDO Protein-RAG (16B) vs PoET (200M),0.00384515713883901,5274.646996861999
AIDO Protein-RAG (16B) vs PoET (200M),0.004221521093921764,4376.063930074168
AIDO Protein-RAG (16B) vs PoET (200M),0.004634723550415757,3630.562487212669
AIDO Protein-RAG (16B) vs PoET (200M),0.005088370260593214,3012.0638510261547
AIDO Protein-RAG (16B) vs PoET (200M),0.005586419907734704,2498.931962915712
AIDO Protein-RAG (16B) vs PoET (200M),0.006133218651013872,2073.2166594524
AIDO Protein-RAG (16B) vs PoET (200M),0.006733538051635264,1720.0257473260199
AIDO Protein-RAG (16B) vs PoET (200M),0.007392616711182299,1427.0040509156677
AIDO Protein-RAG (16B) vs PoET (200M),0.008116205985526368,1183.9012087437998
AIDO Protein-RAG (16B) vs PoET (200M),0.008910620173213212,982.213099651432
AIDO Protein-RAG (16B) vs PoET (200M),0.009782791616288053,814.8843552162024
AIDO Protein-RAG (16B) vs PoET (200M),0.010740331194389222,676.0615518279891
AIDO Protein-RAG (16B) vs PoET (200M),0.011791594740003268,560.888448691352
AIDO Protein-RAG (16B) vs PoET (200M),0.012945755954444723,465.3361088568968
AIDO Protein-RAG (16B) vs PoET (200M),0.014212886460851573,386.06196064707115
AIDO Protein-RAG (16B) vs PoET (200M),0.015604043692767305,320.2928692226108
AIDO Protein-RAG (16B) vs PoET (200M),0.01713136738525684,265.7281279484452
AIDO Protein-RAG (16B) vs PoET (200M),0.018808185510572197,220.45897604391803
AIDO Protein-RAG (16B) vs PoET (200M),0.02064913058280051,182.90182711768557
AIDO Protein-RAG (16B) vs PoET (200M),0.02267026734641003,151.7428728160451
AIDO Protein-RAG (16B) vs PoET (200M),0.02488923296295037,125.89212373286314
AIDO Protein-RAG (16B) vs PoET (200M),0.027325390919225864,104.44527985959343
AIDO Protein-RAG (16B) vs PoET (200M),0.03,86.65209674353233
