pair,se,units_now,mdd_now,units_for_0.005,assays_for_0.005,x_today_for_0.005,units_for_0.01,assays_for_0.01,x_today_for_0.01
AIDO Protein-RAG (16B) vs VenusREM,0.0053662447380249684,200,0.01503399193482725,1808.1673079716065,1961.861529149193,9.040836539858033,452.04182699290163,490.46538228729827,2.260209134964508
AIDO Protein-RAG (16B) vs ProSST (K=2048),0.006475134870958553,200,0.018140642139765305,2632.66317794423,2856.4395480694893,13.16331588972115,658.1657944860575,714.1098870173723,3.2908289724302877
AIDO Protein-RAG (16B) vs ProSST (K=4096),0.009635657599765191,200,0.026995115898300046,5829.890258901215,6325.430930907818,29.149451294506076,1457.4725647253038,1581.3577327269545,7.287362823626519
AIDO Protein-RAG (16B) vs S3F-MSA,0.007047189843297039,200,0.01974330289421683,3118.3840733823254,3383.446719619823,15.591920366911626,779.5960183455813,845.8616799049557,3.8979800917279066
AIDO Protein-RAG (16B) vs S2F-MSA,0.007598036306433886,200,0.02128654620279083,3624.936393948389,3933.055987434002,18.124681969741946,906.2340984870973,983.2639968585005,4.5311704924354865
AIDO Protein-RAG (16B) vs ProSST (K=1024),0.009336091012192441,200,0.026155854574715684,5473.029828269403,5938.237363672302,27.365149141347015,1368.2574570673507,1484.5593409180756,6.841287285336754
AIDO Protein-RAG (16B) vs ESCOTT,0.005387470935977801,200,0.015093458937248644,1822.5000215232874,1977.4125233527668,9.112500107616437,455.62500538082185,494.3531308381917,2.2781250269041093
AIDO Protein-RAG (16B) vs ProSST (K=512),0.008821567296400948,200,0.02471437253818568,4886.401679649812,5301.745822420045,24.43200839824906,1221.600419912453,1325.4364556050114,6.108002099562265
AIDO Protein-RAG (16B) vs S3F,0.005794849895280447,200,0.016234765807801185,2108.540966673204,2287.7669488404263,10.54270483336602,527.135241668301,571.9417372101066,2.635676208341505
AIDO Protein-RAG (16B) vs PoET (200M),0.007048422965338634,200,0.019746757590700693,3119.475482767163,3384.630898802372,15.597377413835815,779.8688706917908,846.157724700593,3.899344353458954
