DMS ID,uniprot,function,n_mutants
GFP_AEQVI_Sarkisyan_2016,GFP_AEQVI,Activity,51714
GRB2_HUMAN_Faure_2021,GRB2_HUMAN,OrganismalFitness,63366
HIS7_YEAST_Pokusaeva_2019,HIS7_YEAST,OrganismalFitness,496137
HMDH_HUMAN_Jiang_2019,HMDH_HUMAN,OrganismalFitness,16853
HSP82_YEAST_Cote-Hammarlof_2020_growth-H2O2,HSP82_YEAST,OrganismalFitness,2252
HSP82_YEAST_Flynn_2019,HSP82_YEAST,OrganismalFitness,13294
HSP82_YEAST_Mishra_2016,HSP82_YEAST,OrganismalFitness,4323
HXK4_HUMAN_Gersing_2022_activity,HXK4_HUMAN,OrganismalFitness,8570
HXK4_HUMAN_Gersing_2023_abundance,HXK4_HUMAN,Expression,8396
I6TAH8_I68A0_Doud_2015,I6TAH8_I68A0,OrganismalFitness,9462
KCNE1_HUMAN_Muhammad_2023_expression,KCNE1_HUMAN,Expression,2339
KCNE1_HUMAN_Muhammad_2023_function,KCNE1_HUMAN,Activity,2315
KCNJ2_MOUSE_Coyote-Maestas_2022_function,KCNJ2_MOUSE,Activity,6963
KCNJ2_MOUSE_Coyote-Maestas_2022_surface,KCNJ2_MOUSE,Expression,6917
KKA2_KLEPN_Melnikov_2014,KKA2_KLEPN,OrganismalFitness,4960
LGK_LIPST_Klesmith_2015,LGK_LIPST,Activity,7890
MBD11_ARATH_Tsuboyama_2023_6ACV,MBD11_ARATH,Stability,2116
