model,score,rank,boot_se,p_rank1,pct_lo,pct_hi,marg_lo,marg_hi,simul_lo,simul_hi,marg_stepdown_lo,marg_stepdown_hi,simul_single_lo,simul_single_hi,in_best_set,in_naive_best_set
AIDO Protein-RAG (16B),0.5182383585858586,1,0.011324018775077303,0.4921,1,3,1,4,1,6,1,4,1,6,True,True
VenusREM,0.5181946180555557,2,0.011851326590561796,0.5015,1,2,1,4,1,5,1,2,1,5,True,True
ProSST (K=2048),0.5069258396464645,3,0.012215650638625116,0.0,2,5,2,7,2,9,2,6,2,10,False,True
ProSST (K=4096),0.49831849905303016,4,0.01317397887284523,0.0053,3,7,1,13,1,18,1,9,1,19,True,False
S3F-MSA,0.4958769554924243,5,0.013682647142375036,0.0011,3,7,2,9,1,9,3,9,1,11,False,False
S2F-MSA,0.488256526199495,6,0.013802386285527074,0.0,4,9,4,12,3,16,4,11,3,16,False,False
ProSST (K=1024),0.48467041824494955,7,0.012484369361482535,0.0,5,13,4,20,2,26,4,20,2,26,False,False
Protriever,0.47889712550607283,8,0.012463153403987267,0.0,5,13,3,21,3,24,4,16,3,24,False,False
ESCOTT,0.4758983285984849,9,0.011920217114913662,0.0,7,13,5,18,4,19,5,16,3,21,False,False
ProSST (K=512),0.471176120580808,10,0.012029646141881683,0.0,7,21,6,28,6,42,6,24,6,45,False,False
S3F,0.4702016051136363,11,0.013086689528668522,0.0,8,15,6,22,5,22,6,22,5,24,False,False
PoET (200M),0.4701064362373738,12,0.013462148044372282,0.0,8,15,6,22,5,24,6,21,4,24,False,False
ProSST (K=128),0.46905642045454543,13,0.012572468591664273,0.0,8,22,6,33,5,45,6,26,5,46,False,False
ESM3 open (1.4B),0.4657334595959596,14,0.01234323468398126,0.0,9,20,5,25,5,27,5,24,4,30,False,False
RSALOR,0.46457289299242427,15,0.013612378337252302,0.0,9,20,6,30,6,38,7,25,6,40,False,False
VespaG,0.4579054356060606,16,0.012750581618484613,0.0,13,22,8,29,7,33,8,25,6,35,False,False
SaProt (650M),0.4565896764520202,17,0.012745512217683155,0.0,13,24,6,36,5,40,7,27,5,42,False,False
TranceptEVE L,0.4557866887626263,18,0.012802570833377817,0.0,14,23,8,33,7,36,9,31,7,38,False,False
S2F,0.4556086474116162,19,0.013074439268833076,0.0,14,23,9,32,8,36,9,27,7,38,False,False
GEMME,0.4546858175505051,20,0.013458309531028036,0.0,12,27,7,39,6,42,9,33,6,45,False,False
TranceptEVE M,0.4546802856691919,21,0.013349758622349153,0.0,14,24,8,34,7,39,10,33,6,40,False,False
TranceptEVE S,0.4518472569444444,22,0.013221570227302458,0.0,16,28,10,38,8,42,10,33,8,42,False,False
ProtSSN (ensemble),0.44885818655303034,23,0.012313220588879462,0.0,18,25,12,35,9,36,12,31,9,38,False,False
"ProtSSN (k=20, h=1280)",0.4420448958333333,24,0.01220687006986319,0.0,23,30,14,44,11,46,16,41,11,49,False,False
"ProtSSN (k=20, h=512)",0.44017277304292923,25,0.012041810229053037,0.0,23,33,15,47,14,50,16,45,14,50,False,False
EVE (ensemble),0.4393106455176768,26,0.013911978180952368,0.0,22,37,13,48,11,54,16,46,10,56,False,False
"ProtSSN (k=20, h=768)",0.4392028140782829,27,0.012402215484950003,0.0,23,35,15,46,14,50,17,44,14,51,False,False
ProSST (K=20),0.4382528061868687,28,0.012154260956204244,0.0,16,45,12,56,9,63,13,54,9,64,False,False
"ProtSSN (k=30, h=512)",0.43779720801767674,29,0.011897824270199977,0.0,25,36,16,47,15,50,19,45,14,51,False,False
"ProtSSN (k=30, h=768)",0.43765730271464653,30,0.012098153304919548,0.0,25,36,18,48,15,50,20,45,15,51,False,False
"ProtSSN (k=30, h=1280)",0.437274209280303,31,0.01240451034419504,0.0,25,36,16,48,15,50,18,45,14,52,False,False
VESPA,0.4354624779040404,32,0.012182602207848042,0.0,24,39,17,50,14,53,20,49,14,54,False,False
Tranception L,0.4340742266414141,33,0.012300044000502677,0.0,25,39,18,52,16,55,21,48,16,56,False,False
"ProtSSN (k=10, h=1280)",0.43273435290404044,34,0.01213770915326025,0.0,29,39,22,50,16,52,23,48,16,54,False,False
EVE (single),0.4324855602904041,35,0.013209764842940301,0.0,25,41,20,53,16,56,22,50,15,59,False,False
MSA Transformer (ensemble),0.43170123421717166,36,0.014242835823942746,0.0,23,45,14,53,11,58,15,53,10,59,False,False
"ProtSSN (k=10, h=512)",0.429500956439394,37,0.01234755785152617,0.0,32,42,26,53,21,55,29,51,18,56,False,False
Tranception M,0.427666524621212,38,0.012864266700308914,0.0,29,43,23,57,20,59,24,54,20,59,False,False
SiteRM,0.4235005539772727,39,0.013283740684397468,0.0,28,50,22,63,20,68,23,58,17,68,False,False
ESM-IF1,0.4223889188762627,40,0.014395654757401618,0.0,26,54,18,64,14,72,20,61,14,73,False,False
"ProtSSN (k=10, h=768)",0.4223165293560607,41,0.01180746848465157,0.0,36,46,31,56,31,62,31,55,30,63,False,False
DeepSequence (ensemble),0.4189351530934344,42,0.015410098317615346,0.0,32,51,25,63,20,68,25,62,19,70,False,False
Tranception S,0.41843320075757573,43,0.012584194311524266,0.0,38,50,25,62,25,66,27,58,24,66,False,False
MSA Transformer (single),0.4165775915404041,44,0.014233543315448384,0.0,35,54,25,64,19,69,25,62,18,72,False,False
ESM2 (650M),0.4137676294191919,45,0.016815607824986933,0.0,35,53,22,68,16,71,24,67,15,72,False,False
DeepSequence (single),0.4072555003156566,46,0.015735806390411073,0.0,41,60,29,71,27,76,32,70,23,76,False,False
ESM-1v (ensemble),0.40651529829545446,47,0.01702716796000046,0.0,40,60,25,69,21,73,28,69,18,73,False,False
SaProt (35M),0.4065058285984848,48,0.01359596549005885,0.0,42,58,32,70,30,74,33,69,28,74,False,False
ESM-C (300M),0.40623382102272726,49,0.017155721705695445,0.0,39,61,25,71,19,74,30,69,18,74,False,False
ESM2 (3B),0.40563601483585854,50,0.015896995381191797,0.0,42,59,31,69,25,75,32,69,24,75,False,False
ESM-C (600M),0.4052043386994949,51,0.017184492418795147,0.0,39,62,28,73,19,75,29,71,15,76,False,False
ESM2 (15B),0.40034884154040407,52,0.014136604978295367,0.0,45,62,35,74,32,76,35,72,30,77,False,False
MIF-ST,0.3999182275883838,53,0.011215685881598625,0.0,43,64,34,75,29,76,35,72,26,76,False,False
xTrimoPGLM-3B-MLM,0.39875623737373733,54,0.016441083666002134,0.0,45,64,34,75,26,79,36,73,25,80,False,False
xTrimoPGLM-10B-MLM,0.39562223642676764,55,0.015035372881319958,0.0,48,65,38,75,34,79,38,75,31,80,False,False
EVmutation,0.39528465119949496,56,0.011603153298405881,0.0,47,65,41,75,38,75,42,74,37,76,False,False
ESM-1b,0.39408867739898995,57,0.014121634924334244,0.0,49,67,39,75,34,80,40,75,34,80,False,False
VESPAl,0.3932627241161616,58,0.01207375438534126,0.0,47,68,41,76,37,79,41,76,36,79,False,False
Progen3 3B,0.3924185779671717,59,0.012326614670102081,0.0,48,64,40,73,38,74,41,72,37,75,False,False
Progen2 XL,0.3906544412878788,60,0.012044922334250635,0.0,48,67,41,75,38,76,42,74,38,78,False,False
Progen3 1B,0.38880574337121204,61,0.013419890879250966,0.0,50,66,41,74,39,76,43,74,38,76,False,False
ESM2 (150M),0.3868099273989899,62,0.016862788025597916,0.0,51,72,42,80,34,81,42,78,34,81,False,False
MIF,0.38305044349747475,63,0.01133303565399097,0.0,48,74,43,80,37,84,43,79,36,84,False,False
Progen2 L,0.38033831123737366,64,0.013396015553353624,0.0,56,71,44,76,42,80,45,76,42,82,False,False
Progen2 M,0.3797441508838384,65,0.014079318965042473,0.0,58,71,44,77,42,77,45,77,41,77,False,False
xTrimoPGLM-1B-MLM,0.3792727493686869,66,0.0160591303284483,0.0,57,74,48,81,42,82,50,81,42,82,False,False
Progen2 Base,0.37816087752525246,67,0.014186106093561426,0.0,58,72,44,77,42,79,45,77,42,80,False,False
Tranception L no retrieval,0.3741309864267676,68,0.012916355714093688,0.0,61,74,46,78,44,83,47,78,43,84,False,False
ESM-1v (single),0.3737257039141414,69,0.01724202924950344,0.0,59,78,48,82,43,83,51,81,42,83,False,False
Wavenet,0.3731489851641414,70,0.016020278910144525,0.0,57,78,45,84,40,86,45,82,40,86,False,False
RITA XL,0.3728998626893939,71,0.013636569048074613,0.0,60,74,45,81,44,83,46,80,43,84,False,False
CARP (640M),0.3685733428030303,72,0.015340419116533653,0.0,63,79,53,82,48,84,56,82,47,84,False,False
RITA L,0.3660476799242424,73,0.013844499272642254,0.0,67,76,51,82,46,84,53,80,44,84,False,False
xTrimoPGLM-100B-int4,0.36433813131313136,74,0.012098809680760157,0.0,65,80,55,84,45,86,59,84,45,86,False,False
Progen3 762m,0.3635052604166667,75,0.013943722039744323,0.0,68,77,53,82,49,84,57,81,48,84,False,False
Site-Independent,0.35941555871212116,76,0.013443433301721895,0.0,64,82,52,85,47,88,56,84,45,88,False,False
RITA M,0.3504045375631314,77,0.013994385584785576,0.0,74,81,65,85,58,86,65,85,57,86,False,False
Tranception M no retrieval,0.3489201199494949,78,0.014058860325896504,0.0,75,81,66,85,62,86,67,84,59,86,False,False
Unirep evotuned,0.34727709122474754,79,0.01379090104996128,0.0,73,84,63,86,57,88,68,86,55,88,False,False
Progen3 339m,0.346577132260101,80,0.013974274402497327,0.0,74,82,67,85,59,85,68,85,57,85,False,False
xTrimoPGLM-1B-CLM,0.3426081218434343,81,0.013704191817108016,0.0,76,84,69,86,67,87,71,86,65,87,False,False
Progen2 S,0.33570551609848487,82,0.015208210191276793,0.0,79,84,72,86,66,86,73,86,66,86,False,False
CARP (76M),0.3279135953282828,83,0.017066542783717425,0.0,79,86,72,88,69,89,75,88,68,89,False,False
ESM2 (35M),0.3208077951388889,84,0.017366102464760908,0.0,80,88,74,89,67,89,76,88,67,90,False,False
Progen3 219m,0.3181304955808081,85,0.014241345673165604,0.0,83,86,79,89,73,89,80,88,73,89,False,False
MULAN,0.317423492739899,86,0.013336670235307794,0.0,82,88,77,88,74,90,80,88,74,90,False,False
RITA S,0.30450202020202016,87,0.014373721718900216,0.0,85,88,83,90,80,91,83,90,80,91,False,False
Tranception S no retrieval,0.30283003472222225,88,0.014623605131569706,0.0,85,89,83,91,81,91,83,90,81,91,False,False
Progen3 112m,0.28198171401515154,89,0.015017659218919744,0.0,89,91,86,91,84,91,89,91,84,92,False,False
CARP (38M),0.27955184659090915,90,0.017697348920054118,0.0,88,91,86,91,85,92,87,91,85,92,False,False
ProteinMPNN,0.25729855429292925,91,0.007856042556302296,0.0,89,92,88,93,87,93,89,93,86,94,False,False
xTrimoPGLM-3B-CLM,0.23307894728535353,92,0.014320804842995047,0.0,91,93,91,94,90,94,91,93,89,95,False,False
ESM2 (8M),0.22569400568181813,93,0.016116046530755292,0.0,92,93,91,94,91,94,91,93,91,94,False,False
Unirep,0.18979010416666667,94,0.016407583810580807,0.0,94,95,93,95,93,95,94,95,92,95,False,False
ProtGPT2,0.1883555602904041,95,0.010740611891100533,0.0,94,95,93,95,93,95,94,95,92,95,False,False
CARP (600K),0.10609842013888889,96,0.011732479743541795,0.0,96,97,96,97,96,97,96,97,96,97,False,False
xTrimoPGLM-7B-CLM,0.1017437279040404,97,0.01175220773430141,0.0,96,97,96,97,96,97,96,97,96,97,False,False
