,Average_Spearman__ours,Average_Spearman__published,Bootstrap_standard_error_Spearman__ours,Bootstrap_standard_error_Spearman__published,Function_Activity__ours,Function_Activity__published,Function_Binding__ours,Function_Binding__published,Function_Expression__ours,Function_Expression__published,Function_OrganismalFitness__ours,Function_OrganismalFitness__published,Function_Stability__ours,Function_Stability__published,Low_MSA_depth__ours,Low_MSA_depth__published,Medium_MSA_depth__ours,Medium_MSA_depth__published,High_MSA_depth__ours,High_MSA_depth__published,Taxa_Human__ours,Taxa_Human__published,Taxa_Other_Eukaryote__ours,Taxa_Other_Eukaryote__published,Taxa_Prokaryote__ours,Taxa_Prokaryote__published,Taxa_Virus__ours,Taxa_Virus__published,rank__ours,rank__published
AIDO Protein-RAG (16B),0.5182383585858586,0.518,0.0,0.0,0.5172625,0.517,0.4255416666666667,0.426,0.5222777777777778,0.522,0.4906250000000001,0.491,0.6354848484848484,0.635,0.49766129032258066,0.498,0.5342890070921985,0.534,0.5854444444444444,0.585,0.5309650205761317,0.531,0.5873970588235293,0.587,0.5584186046511628,0.558,0.5220535714285715,0.522,1,1
VenusREM,0.5181946180555557,0.518,0.005340537986605142,0.005,0.494625,0.495,0.45387500000000003,0.454,0.5329444444444444,0.533,0.4591953125000002,0.459,0.6503333333333334,0.65,0.49505645161290324,0.495,0.5244255319148936,0.524,0.5771468253968254,0.577,0.5292870370370371,0.529,0.5821617647058824,0.582,0.5488662790697675,0.549,0.49194642857142856,0.492,2,2
ProSST (K=2048),0.5069258396464645,0.507,0.006398279955445905,0.006,0.47578750000000003,0.476,0.4448333333333334,0.445,0.5302777777777777,0.53,0.43110937499999996,0.431,0.652621212121212,0.653,0.46526612903225806,0.465,0.5067517730496454,0.507,0.5800198412698412,0.58,0.516451646090535,0.516,0.5726862745098039,0.573,0.5494244186046512,0.549,0.4536607142857143,0.454,3,3
ProSST (K=4096),0.49831849905303016,0.498,0.009461334460145743,0.009,0.44442499999999996,0.444,0.47245833333333337,0.472,0.5068333333333332,0.507,0.41569401041666654,0.416,0.6521818181818181,0.652,0.4723709677419355,0.472,0.48059219858156027,0.481,0.5834246031746032,0.583,0.49677777777777776,0.497,0.5736960784313725,0.574,0.5473081395348838,0.547,0.4395535714285714,0.44,4,4
S3F-MSA,0.4958769554924243,0.496,0.006788055471501339,0.007,0.5022,0.502,0.44004166666666666,0.44,0.479,0.479,0.4769309895833333,0.477,0.5812121212121214,0.581,0.46910483870967745,0.469,0.5092163120567377,0.509,0.5466825396825398,0.547,0.5018076131687242,0.502,0.5576519607843137,0.558,0.5209302325581395,0.521,0.5023571428571428,0.502,5,5
S2F-MSA,0.488256526199495,0.488,0.0073060317033201054,0.007,0.49775,0.498,0.4317083333333333,0.432,0.4719444444444444,0.472,0.47241015625,0.472,0.5674696969696971,0.567,0.46264516129032257,0.463,0.5020425531914894,0.502,0.5358452380952382,0.536,0.49519341563786007,0.495,0.5462892156862745,0.546,0.5125174418604651,0.513,0.49328571428571427,0.493,6,6
ProSST (K=1024),0.48467041824494955,0.485,0.009188523910808178,0.009,0.4325375,0.433,0.4361250000000001,0.436,0.4992777777777779,0.499,0.41354817708333347,0.414,0.6418636363636362,0.642,0.45745967741935484,0.457,0.4660248226950355,0.466,0.5846111111111111,0.585,0.4832067901234568,0.483,0.5676127450980393,0.568,0.5392209302325581,0.539,0.43641071428571426,0.436,7,7
Protriever,0.47889712550607283,0.479,0.006411671663281625,0.006,0.4871249999999999,0.487,0.39570833333333333,0.396,0.4958,0.496,0.4792061403508771,0.479,0.5366461538461536,0.537,0.46353448275862064,0.464,0.49750392156862744,0.498,0.5115040322580645,0.512,0.48022077922077927,0.48,0.5419761904761905,0.542,0.4917083333333333,0.492,0.5162037037037037,0.516,8,8
ESCOTT,0.4758983285984849,0.476,0.005193347597603373,0.005,0.49917500000000004,0.499,0.3887083333333334,0.389,0.4685000000000001,0.468,0.46569921875000003,0.466,0.557409090909091,0.557,0.46225,0.462,0.49607624113475174,0.496,0.5235555555555556,0.524,0.4864701646090535,0.486,0.5365098039215687,0.537,0.5003604651162791,0.5,0.5017142857142857,0.502,9,9
ProSST (K=512),0.471176120580808,0.471,0.008683518395055656,0.009,0.422875,0.423,0.431,0.431,0.4790555555555555,0.479,0.3936015624999999,0.394,0.6293484848484847,0.629,0.43665322580645166,0.437,0.4510283687943263,0.451,0.5715992063492064,0.572,0.4715236625514403,0.472,0.550485294117647,0.55,0.5286686046511627,0.529,0.4076607142857143,0.408,10,10
S3F,0.4702016051136363,0.47,0.005666666755369106,0.006,0.4682875000000001,0.468,0.4037916666666666,0.404,0.47183333333333327,0.472,0.4131106770833332,0.413,0.5939848484848484,0.594,0.4196451612903226,0.42,0.47068971631205675,0.471,0.5510436507936508,0.551,0.4855288065843621,0.486,0.5356470588235294,0.536,0.5124244186046512,0.512,0.4145535714285714,0.415,11,11
PoET (200M),0.4701064362373738,0.47,0.006744560586518987,0.007,0.49427500000000013,0.494,0.3958333333333334,0.396,0.46611111111111103,0.466,0.47540364583333355,0.475,0.5189090909090909,0.519,0.4779193548387097,0.478,0.477686170212766,0.478,0.5103174603174603,0.51,0.48212551440329215,0.482,0.5406421568627451,0.541,0.46374418604651163,0.464,0.49119642857142853,0.491,12,12
ProSST (K=128),0.46905642045454543,0.469,0.008905551899229687,0.009,0.41740000000000005,0.417,0.4403749999999999,0.44,0.47250000000000003,0.473,0.38706770833333337,0.387,0.6279393939393939,0.628,0.440741935483871,0.441,0.4466418439716312,0.447,0.566484126984127,0.566,0.4662695473251029,0.466,0.5452794117647058,0.545,0.5226511627906977,0.523,0.41525,0.415,13,13
ESM3 open (1.4B),0.4657334595959596,0.466,0.00625074332515376,0.006,0.429625,0.43,0.39966666666666667,0.4,0.47022222222222215,0.47,0.38856250000000003,0.389,0.6405909090909091,0.641,0.3972983870967742,0.397,0.46614893617021275,0.466,0.5747896825396825,0.575,0.4795195473251028,0.48,0.5482696078431373,0.548,0.5301918604651162,0.53,0.4057857142857143,0.406,14,14
RSALOR,0.46457289299242427,0.465,0.007390283883803132,0.007,0.47912499999999997,0.479,0.4156250000000001,0.416,0.42683333333333334,0.427,0.4260690104166667,0.426,0.5752121212121212,0.575,0.46695967741935485,0.467,0.4679255319148936,0.468,0.5294126984126984,0.529,0.4732417695473251,0.473,0.5304754901960784,0.53,0.49637209302325586,0.496,0.47714285714285715,0.477,15,15
VespaG,0.4579054356060606,0.458,0.005565563661058091,0.006,0.49345,0.493,0.36999999999999994,0.37,0.4558333333333334,0.456,0.43721354166666665,0.437,0.533030303030303,0.533,0.4271532258064516,0.427,0.4722570921985816,0.472,0.5110992063492064,0.511,0.4738981481481482,0.474,0.5317549019607843,0.532,0.4840872093023256,0.484,0.4205535714285714,0.421,16,16
SaProt (650M),0.4565896764520202,0.457,0.007429870504322168,0.007,0.4584499999999999,0.458,0.3785,0.378,0.48838888888888893,0.488,0.3656549479166667,0.366,0.5919545454545455,0.592,0.39425,0.394,0.4462890070921986,0.446,0.5455634920634921,0.546,0.4778446502057613,0.478,0.5286470588235295,0.529,0.5144651162790698,0.514,0.32007142857142856,0.32,17,17
TranceptEVE L,0.4557866887626263,0.456,0.0064755874976643694,0.007,0.4866125000000003,0.487,0.3757083333333333,0.376,0.45738888888888884,0.457,0.45896614583333334,0.459,0.5002575757575758,0.5,0.43563709677419354,0.436,0.4720070921985816,0.472,0.4904246031746032,0.49,0.47262037037037036,0.473,0.5125196078431373,0.513,0.454843023255814,0.455,0.4605714285714286,0.461,18,18
S2F,0.4556086474116162,0.456,0.0064554681428118646,0.006,0.4588875,0.459,0.39054166666666673,0.391,0.45644444444444443,0.456,0.40413932291666654,0.404,0.5680303030303031,0.568,0.40376612903225806,0.404,0.45709751773049645,0.457,0.5313333333333333,0.531,0.4729660493827161,0.473,0.5138431372549019,0.514,0.4962674418604651,0.496,0.3958035714285714,0.396,19,19
GEMME,0.4546858175505051,0.455,0.008947858919122444,0.009,0.4820124999999999,0.482,0.38279166666666664,0.383,0.43822222222222224,0.438,0.4517057291666666,0.452,0.5186969696969697,0.519,0.4461532258064516,0.446,0.4741028368794326,0.474,0.4933373015873016,0.493,0.46909773662551435,0.469,0.5162941176470589,0.516,0.4665174418604651,0.467,0.47169642857142857,0.472,20,20
TranceptEVE M,0.4546802856691919,0.455,0.007591034108788803,0.008,0.47926250000000004,0.479,0.3857083333333333,0.386,0.4524444444444444,0.452,0.45350130208333345,0.454,0.5024848484848485,0.502,0.42432258064516126,0.424,0.4723138297872341,0.472,0.48744047619047615,0.487,0.47424074074074074,0.474,0.5126764705882353,0.513,0.4503895348837209,0.45,0.4464464285714286,0.446,21,21
TranceptEVE S,0.4518472569444444,0.452,0.007449063675679114,0.007,0.47509999999999986,0.475,0.3957083333333333,0.396,0.4425555555555555,0.443,0.4487057291666668,0.449,0.4971666666666667,0.497,0.43401612903225806,0.434,0.46494858156028374,0.465,0.48197619047619045,0.482,0.4697283950617284,0.47,0.5041960784313726,0.504,0.45308139534883723,0.453,0.43769642857142854,0.438,22,22
ProtSSN (ensemble),0.44885818655303034,0.449,0.005596141230420397,0.006,0.4657250000000001,0.466,0.36558333333333337,0.366,0.44883333333333336,0.449,0.3963007812499999,0.396,0.5678484848484848,0.568,0.4087822580645161,0.409,0.45400531914893616,0.454,0.5236746031746032,0.524,0.47041872427983533,0.47,0.5284803921568627,0.528,0.49165116279069765,0.492,0.3703214285714286,0.37,23,23
"ProtSSN (k=20, h=1280)",0.4420448958333333,0.442,0.006035346027034819,0.006,0.45830000000000004,0.458,0.365875,0.366,0.43466666666666665,0.435,0.38521614583333325,0.385,0.5661666666666667,0.566,0.401758064516129,0.402,0.4447765957446808,0.445,0.5203650793650794,0.52,0.4637530864197531,0.464,0.5247352941176471,0.525,0.48330232558139535,0.483,0.36278571428571427,0.363,24,24
"ProtSSN (k=20, h=512)",0.44017277304292923,0.44,0.005399529650883365,0.005,0.45657499999999995,0.457,0.35274999999999995,0.353,0.43722222222222223,0.437,0.3909075520833332,0.391,0.5634090909090911,0.563,0.39984677419354836,0.4,0.4498102836879433,0.45,0.514611111111111,0.515,0.4577376543209876,0.458,0.5244166666666666,0.524,0.4882558139534884,0.488,0.37323214285714285,0.373,25,25
EVE (ensemble),0.4393106455176768,0.439,0.008871103706610812,0.009,0.46431249999999996,0.464,0.3861666666666667,0.386,0.4082777777777778,0.408,0.44673567708333356,0.447,0.49106060606060603,0.491,0.4196451612903226,0.42,0.45716666666666667,0.457,0.4771388888888889,0.477,0.4543868312757202,0.454,0.49475980392156865,0.495,0.4565755813953489,0.457,0.4343392857142857,0.434,26,26
"ProtSSN (k=20, h=768)",0.4392028140782829,0.439,0.006074903001346645,0.006,0.45915,0.459,0.34700000000000003,0.347,0.4394444444444444,0.439,0.3872226562499999,0.387,0.5631969696969699,0.563,0.3937983870967742,0.394,0.4461329787234043,0.446,0.519547619047619,0.52,0.46247427983539097,0.462,0.5245098039215685,0.525,0.48452325581395345,0.485,0.3571071428571429,0.357,27,27
ProSST (K=20),0.4382528061868687,0.438,0.009331671687266509,0.009,0.3917124999999999,0.392,0.40958333333333335,0.41,0.4470555555555556,0.447,0.35436718749999996,0.354,0.5885454545454543,0.589,0.4081290322580645,0.408,0.4200975177304965,0.42,0.5250952380952382,0.525,0.44255967078189296,0.443,0.5059362745098039,0.506,0.4768255813953488,0.477,0.3874107142857143,0.387,28,28
"ProtSSN (k=30, h=512)",0.43779720801767674,0.438,0.0056025216169416515,0.006,0.4545499999999999,0.455,0.3505,0.35,0.4427777777777779,0.443,0.3844309895833333,0.384,0.5567272727272726,0.557,0.39996774193548384,0.4,0.443677304964539,0.444,0.5109325396825397,0.511,0.46090740740740743,0.461,0.5187843137254902,0.519,0.4787732558139535,0.479,0.35557142857142854,0.356,29,29
"ProtSSN (k=30, h=768)",0.43765730271464653,0.438,0.005541633776774478,0.005,0.45709999999999995,0.457,0.35083333333333333,0.351,0.4347777777777779,0.435,0.3841966145833333,0.384,0.5613787878787879,0.561,0.39271774193548387,0.393,0.4457304964539007,0.446,0.514531746031746,0.515,0.4582870370370371,0.458,0.5246078431372548,0.525,0.4836744186046511,0.484,0.35614285714285715,0.356,30,30
"ProtSSN (k=30, h=1280)",0.437274209280303,0.437,0.006249724311931811,0.006,0.45382500000000003,0.454,0.3567083333333334,0.357,0.43133333333333335,0.431,0.3835195312499998,0.384,0.5609848484848485,0.561,0.39487903225806453,0.395,0.44037234042553197,0.44,0.519515873015873,0.52,0.46025205761316873,0.46,0.5222303921568628,0.522,0.48258139534883726,0.483,0.35007142857142853,0.35,31,31
VESPA,0.4354624779040404,0.435,0.00538878986107144,0.005,0.4683625,0.468,0.3659166666666666,0.366,0.4042777777777777,0.404,0.4388463541666668,0.439,0.499909090909091,0.5,0.4200241935483871,0.42,0.4546436170212766,0.455,0.4840912698412698,0.484,0.4397438271604938,0.44,0.5026470588235294,0.503,0.47350581395348834,0.474,0.44273214285714285,0.443,32,32
Tranception L,0.4340742266414141,0.434,0.0066352559118298396,0.007,0.46518750000000003,0.465,0.34908333333333336,0.349,0.4502222222222222,0.45,0.4345598958333333,0.435,0.4713181818181816,0.471,0.4206935483870968,0.421,0.44254078014184395,0.443,0.4707857142857143,0.471,0.4545637860082305,0.455,0.49682843137254906,0.497,0.41361627906976745,0.414,0.4377857142857143,0.438,33,33
"ProtSSN (k=10, h=1280)",0.43273435290404044,0.433,0.006031649235241755,0.006,0.445925,0.446,0.3523333333333334,0.352,0.4362777777777778,0.436,0.3810598958333334,0.381,0.5480757575757575,0.548,0.4002661290322581,0.4,0.4368475177304965,0.437,0.5030515873015873,0.503,0.4547829218106996,0.455,0.5115588235294117,0.512,0.47023837209302327,0.47,0.3579642857142857,0.358,34,34
EVE (single),0.4324855602904041,0.432,0.008182311748217605,0.008,0.4577375,0.458,0.3722083333333333,0.372,0.40427777777777774,0.404,0.4411132812500001,0.441,0.48709090909090924,0.487,0.4111532258064516,0.411,0.4515496453900709,0.452,0.47334920634920635,0.473,0.44628497942386824,0.446,0.49146568627450976,0.491,0.45381395348837206,0.454,0.4298035714285714,0.43,35,35
MSA Transformer (ensemble),0.43170123421717166,0.432,0.009680821285144263,0.01,0.4730374999999999,0.473,0.32883333333333337,0.329,0.4458888888888889,0.446,0.4187161458333332,0.419,0.492030303030303,0.492,0.37520967741935485,0.375,0.45617198581560287,0.456,0.4794603174603175,0.479,0.4389526748971193,0.439,0.5155294117647058,0.516,0.4461162790697674,0.446,0.4210535714285714,0.421,36,36
"ProtSSN (k=10, h=512)",0.429500956439394,0.43,0.006543657060407561,0.006,0.45104999999999995,0.451,0.34358333333333335,0.344,0.4196666666666667,0.42,0.37617447916666674,0.376,0.5570303030303032,0.557,0.39777419354838706,0.398,0.4336028368794327,0.434,0.5097777777777778,0.51,0.4536707818930041,0.454,0.5211274509803921,0.521,0.47780232558139535,0.478,0.3379285714285714,0.338,37,37
Tranception M,0.427666524621212,0.428,0.0075808897429917085,0.008,0.44768750000000007,0.448,0.36095833333333327,0.361,0.44066666666666665,0.441,0.4239140624999999,0.424,0.46510606060606063,0.465,0.4057177419354839,0.406,0.43691134751773053,0.437,0.45643253968253966,0.456,0.4522767489711934,0.452,0.4893235294117647,0.489,0.3968662790697674,0.397,0.4137321428571429,0.414,38,38
SiteRM,0.4235005539772727,0.424,0.009282702023928903,0.009,0.452925,0.453,0.38791666666666674,0.388,0.39,0.39,0.4371914062500001,0.437,0.44946969696969685,0.449,0.44576612903225804,0.446,0.43780851063829784,0.438,0.42946825396825394,0.429,0.43659979423868317,0.437,0.4709019607843137,0.471,0.3986976744186046,0.399,0.46217857142857144,0.462,39,39
ESM-IF1,0.4223889188762627,0.422,0.010909861359093062,0.011,0.36776250000000005,0.368,0.389125,0.389,0.40655555555555556,0.407,0.32442578125000016,0.324,0.6240757575757575,0.624,0.29166129032258065,0.292,0.42715602836879435,0.427,0.5487738095238095,0.549,0.4166316872427983,0.417,0.5017205882352941,0.502,0.4980406976744186,0.498,0.38916071428571425,0.389,40,40
"ProtSSN (k=10, h=768)",0.4223165293560607,0.422,0.006359405932519505,0.006,0.4405249999999999,0.441,0.3372916666666667,0.337,0.41700000000000004,0.417,0.3695690104166668,0.37,0.5471969696969697,0.547,0.3815483870967742,0.382,0.43093262411347516,0.431,0.4974484126984127,0.497,0.4463148148148148,0.446,0.503078431372549,0.503,0.466889534883721,0.467,0.3457857142857143,0.346,41,41
DeepSequence (ensemble),0.4189351530934344,0.419,0.011104989128391111,0.011,0.4548374999999999,0.455,0.36274999999999996,0.363,0.3897777777777777,0.39,0.41137109375000014,0.411,0.4759393939393939,0.476,0.3701129032258064,0.37,0.4310124113475177,0.431,0.4736626984126984,0.474,0.44346296296296295,0.443,0.4862696078431372,0.486,0.4388430232558139,0.439,0.3577142857142857,0.358,42,42
Tranception S,0.41843320075757573,0.418,0.0074369913482687415,0.007,0.43573749999999994,0.436,0.3723333333333334,0.372,0.4195,0.42,0.41247395833333333,0.412,0.45212121212121203,0.452,0.4180806451612903,0.418,0.42102304964539006,0.421,0.4423968253968254,0.442,0.4395,0.44,0.4756519607843137,0.476,0.39126744186046514,0.391,0.40132142857142855,0.401,43,43
MSA Transformer (single),0.4165775915404041,0.417,0.010113648526070244,0.01,0.4548500000000001,0.455,0.31149999999999994,0.312,0.42927777777777776,0.429,0.41200260416666684,0.412,0.4752575757575758,0.475,0.3641048387096774,0.364,0.4414663120567376,0.441,0.46459126984126986,0.465,0.42955246913580253,0.43,0.5009950980392157,0.501,0.42577325581395353,0.426,0.40589285714285717,0.406,44,44
ESM2 (650M),0.4137676294191919,0.414,0.012334722674289972,0.012,0.42543749999999986,0.425,0.3366250000000001,0.337,0.41511111111111115,0.415,0.36834635416666645,0.368,0.5233181818181818,0.523,0.3376290322580645,0.338,0.4092517730496454,0.409,0.5133650793650794,0.513,0.45719135802469135,0.457,0.4863578431372549,0.486,0.4575232558139535,0.458,0.26105357142857144,0.261,45,45
DeepSequence (single),0.4072555003156566,0.407,0.011715739381185144,0.012,0.44656250000000003,0.447,0.34933333333333333,0.349,0.3713888888888889,0.371,0.39605338541666674,0.396,0.4729393939393938,0.473,0.3716209677419355,0.372,0.4185673758865249,0.419,0.4644285714285714,0.464,0.43724794238683123,0.437,0.47941176470588237,0.479,0.42967441860465116,0.43,0.33753571428571433,0.338,46,46
ESM-1v (ensemble),0.40651529829545446,0.407,0.012824173507935355,0.013,0.4203374999999999,0.42,0.31979166666666664,0.32,0.4288333333333333,0.429,0.38622005208333343,0.386,0.47739393939393926,0.477,0.31615322580645155,0.316,0.4092925531914894,0.409,0.4953095238095238,0.495,0.4577479423868313,0.458,0.46419607843137256,0.464,0.41300000000000003,0.413,0.2944107142857143,0.294,47,47
SaProt (35M),0.4065058285984848,0.407,0.009159313561168113,0.009,0.3721500000000001,0.372,0.3568333333333333,0.357,0.4391666666666667,0.439,0.2894700520833332,0.289,0.5749090909090908,0.575,0.32475806451612904,0.325,0.3852624113475177,0.385,0.5143134920634921,0.514,0.4434053497942387,0.443,0.4920686274509804,0.492,0.43215697674418607,0.432,0.24221428571428572,0.242,48,48
ESM-C (300M),0.40623382102272726,0.406,0.013150663905904005,0.013,0.422575,0.423,0.31525000000000003,0.315,0.4076666666666666,0.408,0.35998046875,0.36,0.5256969696969698,0.526,0.33706451612903227,0.337,0.39923581560283683,0.399,0.5199801587301587,0.52,0.4679794238683128,0.468,0.4806421568627451,0.481,0.4414593023255814,0.441,0.24173214285714284,0.242,49,49
ESM2 (3B),0.40563601483585854,0.406,0.011178984798306002,0.011,0.4170125000000001,0.417,0.32108333333333333,0.321,0.4027777777777778,0.403,0.37832161458333335,0.378,0.5089848484848484,0.509,0.3357903225806452,0.336,0.4226418439716312,0.423,0.48501984126984127,0.485,0.4421275720164609,0.442,0.4766617647058823,0.477,0.458389534883721,0.458,0.29425,0.294,50,50
ESM-C (600M),0.4052043386994949,0.405,0.013299521230221741,0.014,0.42295000000000005,0.423,0.2937083333333333,0.294,0.4199444444444444,0.42,0.36178255208333326,0.362,0.5276363636363636,0.528,0.3311693548387097,0.331,0.40686702127659574,0.407,0.5146904761904761,0.515,0.4621162551440329,0.462,0.4806421568627451,0.481,0.45858139534883724,0.459,0.24055357142857142,0.241,51,51
ESM2 (15B),0.40034884154040407,0.4,0.010003801245677619,0.01,0.4046750000000001,0.405,0.31683333333333336,0.317,0.4052777777777778,0.405,0.38736718749999993,0.387,0.4875909090909091,0.488,0.3408951612903226,0.341,0.4222854609929078,0.422,0.4673769841269841,0.467,0.43161831275720164,0.432,0.46725,0.467,0.43630813953488373,0.436,0.33282142857142855,0.333,52,52
MIF-ST,0.3999182275883838,0.4,0.008683847138902585,0.009,0.390075,0.39,0.320875,0.321,0.4377222222222222,0.438,0.36594921874999997,0.366,0.484969696969697,0.485,0.37113709677419354,0.371,0.40352836879432624,0.404,0.4533333333333333,0.453,0.3993281893004115,0.399,0.4134803921568628,0.413,0.4572906976744186,0.457,0.40533928571428574,0.405,53,53
xTrimoPGLM-3B-MLM,0.39875623737373733,0.399,0.012322169451171039,0.012,0.40822499999999984,0.408,0.3075833333333333,0.308,0.3962777777777778,0.396,0.39993749999999995,0.4,0.48175757575757583,0.482,0.33245967741935484,0.332,0.4231117021276596,0.423,0.4740833333333333,0.474,0.4258137860082304,0.426,0.44859803921568625,0.449,0.4419941860465116,0.442,0.37473214285714285,0.375,54,54
xTrimoPGLM-10B-MLM,0.39562223642676764,0.396,0.011344647830930648,0.011,0.40463750000000004,0.405,0.30104166666666665,0.301,0.39811111111111114,0.398,0.39371484375000004,0.394,0.4806060606060605,0.481,0.3274354838709677,0.327,0.41391134751773045,0.414,0.4803690476190476,0.48,0.4208148148148148,0.421,0.44543137254901966,0.445,0.4435290697674419,0.444,0.36848214285714287,0.368,55,55
EVmutation,0.39528465119949496,0.395,0.0076726868297139535,0.008,0.44018750000000006,0.44,0.31712500000000005,0.317,0.37844444444444447,0.378,0.41036328125,0.41,0.4303030303030303,0.43,0.3987661290322581,0.399,0.42625531914893616,0.426,0.4043412698412699,0.404,0.41025205761316874,0.41,0.44837745098039217,0.448,0.41436046511627905,0.414,0.3929642857142857,0.393,56,56
ESM-1b,0.39408867739898995,0.394,0.010682919466397897,0.011,0.4282375,0.428,0.28700000000000003,0.287,0.40622222222222226,0.406,0.34937760416666674,0.349,0.4996060606060609,0.5,0.3649516129032258,0.365,0.39586170212765953,0.396,0.4797857142857143,0.48,0.43474485596707824,0.435,0.49091666666666667,0.491,0.43834883720930234,0.438,0.2602678571428571,0.26,57,57
VESPAl,0.3932627241161616,0.393,0.0067298570659031975,0.007,0.42897500000000005,0.429,0.346875,0.347,0.32611111111111113,0.326,0.40288281249999996,0.403,0.46146969696969703,0.461,0.37718548387096773,0.377,0.4112216312056738,0.411,0.4489563492063492,0.449,0.3935977366255144,0.394,0.47201960784313723,0.472,0.4343546511627907,0.434,0.40258928571428576,0.403,58,58
Progen3 3B,0.3924185779671717,0.392,0.008087224278876736,0.008,0.4102374999999999,0.41,0.2865416666666667,0.287,0.42822222222222217,0.428,0.3995611979166667,0.4,0.43753030303030305,0.438,0.3250483870967742,0.325,0.4068989361702128,0.407,0.4530119047619048,0.453,0.40986419753086417,0.41,0.4330441176470588,0.433,0.39211046511627906,0.392,0.4140892857142857,0.414,59,59
Progen2 XL,0.3906544412878788,0.391,0.00838265651980964,0.008,0.40169999999999995,0.402,0.3017916666666666,0.302,0.4175,0.418,0.38734114583333323,0.387,0.4449393939393939,0.445,0.32328225806451616,0.323,0.4118900709219858,0.412,0.44209920634920635,0.442,0.3859207818930041,0.386,0.4581274509803922,0.458,0.41777325581395347,0.418,0.4019464285714286,0.402,60,60
Progen3 1B,0.38880574337121204,0.389,0.008522709695833927,0.008,0.40863750000000004,0.409,0.30337499999999995,0.303,0.428,0.428,0.3957434895833333,0.396,0.4082727272727271,0.408,0.3213064516129032,0.321,0.39590425531914897,0.396,0.43810714285714286,0.438,0.408358024691358,0.408,0.4178088235294118,0.418,0.3678081395348837,0.368,0.4006785714285714,0.401,61,61
ESM2 (150M),0.3868099273989899,0.387,0.013167185923333085,0.013,0.3913749999999999,0.391,0.32616666666666666,0.326,0.40188888888888885,0.402,0.3046796875000001,0.305,0.509939393939394,0.51,0.3186935483870968,0.319,0.35927482269503547,0.359,0.49446031746031743,0.494,0.45012757201646086,0.45,0.4745147058823529,0.475,0.39830232558139533,0.398,0.1571607142857143,0.157,62,62
MIF,0.38305044349747475,0.383,0.009688744627761993,0.01,0.32704999999999995,0.327,0.3364583333333333,0.336,0.4300555555555555,0.43,0.2996731770833334,0.3,0.5220151515151514,0.522,0.34376612903225806,0.344,0.37426595744680846,0.374,0.4476904761904762,0.448,0.39779938271604937,0.398,0.3872941176470588,0.387,0.41724418604651164,0.417,0.36530357142857145,0.365,63,63
Progen2 L,0.38033831123737366,0.38,0.008968864973103096,0.009,0.405825,0.406,0.2930833333333333,0.293,0.4271111111111111,0.427,0.3792630208333333,0.379,0.39640909090909093,0.396,0.3389838709677419,0.339,0.38966666666666666,0.39,0.41414285714285715,0.414,0.41100823045267487,0.411,0.4324411764705882,0.432,0.36383720930232555,0.364,0.32275,0.323,64,64
Progen2 M,0.3797441508838384,0.38,0.009136272168605198,0.009,0.39313750000000003,0.393,0.29474999999999996,0.295,0.4325555555555555,0.433,0.38258072916666663,0.383,0.39569696969696977,0.396,0.3067741935483871,0.307,0.39065780141843975,0.391,0.4219126984126984,0.422,0.412559670781893,0.413,0.41663235294117645,0.417,0.35623255813953486,0.356,0.33501785714285715,0.335,65,65
xTrimoPGLM-1B-MLM,0.3792727493686869,0.379,0.012150273419400108,0.012,0.3902,0.39,0.29749999999999993,0.298,0.4062222222222222,0.406,0.35698697916666666,0.357,0.4454545454545456,0.445,0.32350806451612907,0.324,0.3716648936170213,0.372,0.46273412698412697,0.463,0.4263816872427984,0.426,0.44099509803921566,0.441,0.40233139534883716,0.402,0.23601785714285714,0.236,66,66
Progen2 Base,0.37816087752525246,0.378,0.0095988855388057,0.01,0.3960375,0.396,0.2940833333333333,0.294,0.43677777777777776,0.437,0.3813906249999999,0.381,0.3825151515151516,0.383,0.32689516129032253,0.327,0.3789219858156029,0.379,0.42067063492063494,0.421,0.4221615226337449,0.422,0.4219362745098039,0.422,0.33330813953488375,0.333,0.316,0.316,67,67
Tranception L no retrieval,0.3741309864267676,0.374,0.00901242458141168,0.009,0.40146250000000006,0.401,0.28795833333333337,0.288,0.4127777777777777,0.413,0.38701692708333313,0.387,0.3814393939393939,0.381,0.3315725806451613,0.332,0.3793687943262411,0.379,0.414484126984127,0.414,0.39123559670781893,0.391,0.3943186274509804,0.394,0.35422093023255813,0.354,0.40392857142857147,0.404,68,68
ESM-1v (single),0.3737257039141414,0.374,0.01342394418918365,0.014,0.3961124999999999,0.396,0.2684583333333334,0.268,0.4053888888888889,0.405,0.36148697916666667,0.361,0.4371818181818182,0.437,0.28896774193548386,0.289,0.3733617021276595,0.373,0.47034126984126984,0.47,0.4266728395061728,0.427,0.43251470588235297,0.433,0.3851162790697674,0.385,0.2579464285714286,0.258,69,69
Wavenet,0.3731489851641414,0.373,0.01197339736535144,0.012,0.3785374999999999,0.379,0.3247083333333334,0.325,0.3495555555555557,0.35,0.3639283854166666,0.364,0.4490151515151516,0.449,0.2767903225806452,0.277,0.39020921985815604,0.39,0.45487698412698413,0.455,0.3929835390946502,0.393,0.4245735294117647,0.425,0.40608720930232556,0.406,0.3398035714285714,0.34,70,70
RITA XL,0.3728998626893939,0.373,0.009844925611783762,0.01,0.36633750000000004,0.366,0.30229166666666657,0.302,0.414,0.414,0.3841731770833332,0.384,0.3976969696969696,0.398,0.29980645161290326,0.3,0.3902074468085106,0.39,0.4123373015873016,0.412,0.3956213991769547,0.396,0.39934313725490195,0.399,0.34627325581395346,0.346,0.39355357142857145,0.394,71,71
CARP (640M),0.3685733428030303,0.369,0.012027133313122496,0.012,0.3949375,0.395,0.27258333333333334,0.273,0.3973333333333333,0.397,0.3656640624999999,0.366,0.4123484848484848,0.412,0.33096774193548384,0.331,0.37398581560283684,0.374,0.4242936507936508,0.424,0.41684773662551444,0.417,0.39532352941176474,0.395,0.38149999999999995,0.381,0.284125,0.284,72,72
RITA L,0.3660476799242424,0.366,0.009400160768216733,0.009,0.35931250000000003,0.359,0.29020833333333335,0.29,0.4195,0.42,0.3777630208333336,0.378,0.38345454545454527,0.383,0.30124999999999996,0.301,0.3789432624113475,0.379,0.40192460317460316,0.402,0.3959413580246913,0.396,0.39934313725490195,0.399,0.31455232558139534,0.315,0.3839642857142857,0.384,73,73
xTrimoPGLM-100B-int4,0.36433813131313136,0.364,0.010496176364255665,0.01,0.3781250000000001,0.378,0.258875,0.259,0.38011111111111107,0.38,0.35462500000000025,0.355,0.4499545454545454,0.45,0.31374193548387097,0.314,0.39065248226950355,0.391,0.42969841269841275,0.43,0.3630082304526749,0.363,0.45001960784313727,0.45,0.42204651162790696,0.422,0.3602857142857143,0.36,74,74
Progen3 762m,0.3635052604166667,0.364,0.010247267816656155,0.01,0.3764625,0.376,0.2962083333333333,0.296,0.3856666666666667,0.386,0.3726888020833335,0.373,0.3865000000000001,0.386,0.2896048387096774,0.29,0.36757092198581565,0.368,0.4196666666666667,0.42,0.38451337448559675,0.385,0.36830392156862746,0.368,0.36180232558139536,0.362,0.3693571428571429,0.369,75,75
Site-Independent,0.35941555871212116,0.359,0.011532109061181177,0.012,0.36921250000000005,0.369,0.34349999999999997,0.344,0.343,0.343,0.3833046874999999,0.383,0.35806060606060597,0.358,0.4273467741935484,0.427,0.37639716312056737,0.376,0.3168373015873016,0.317,0.3795030864197531,0.38,0.38858333333333334,0.389,0.3179593023255814,0.318,0.37535714285714283,0.375,76,76
RITA M,0.3504045375631314,0.35,0.010347579325436809,0.01,0.35156250000000006,0.352,0.27320833333333333,0.273,0.40494444444444444,0.405,0.3740195312500001,0.374,0.348287878787879,0.348,0.28591129032258067,0.286,0.35881737588652485,0.359,0.38972222222222225,0.39,0.37897222222222227,0.379,0.36677450980392157,0.367,0.30234883720930233,0.302,0.37480357142857146,0.375,77,77
Tranception M no retrieval,0.3489201199494949,0.349,0.010247877446333403,0.01,0.34864999999999996,0.349,0.2841666666666666,0.284,0.40594444444444444,0.406,0.3638697916666665,0.364,0.34196969696969703,0.342,0.2690483870967742,0.269,0.35840070921985817,0.358,0.3777460317460317,0.378,0.38024074074074077,0.38,0.3566372549019608,0.357,0.3031046511627907,0.303,0.3404642857142857,0.34,78,78
Unirep evotuned,0.34727709122474754,0.347,0.010172817267471993,0.01,0.354875,0.355,0.30487500000000006,0.305,0.3652222222222223,0.365,0.34526171874999995,0.345,0.36615151515151523,0.366,0.32229032258064516,0.322,0.3447890070921986,0.345,0.3763690476190476,0.376,0.35662139917695473,0.357,0.37818627450980397,0.378,0.33149418604651165,0.331,0.3484285714285714,0.348,79,79
Progen3 339m,0.346577132260101,0.347,0.01061610548605214,0.011,0.34517499999999995,0.345,0.2940833333333333,0.294,0.37961111111111107,0.38,0.35541015624999994,0.355,0.35860606060606065,0.359,0.2534596774193548,0.253,0.35527304964539014,0.355,0.39211904761904764,0.392,0.35745576131687246,0.357,0.3411176470588235,0.341,0.3536627906976744,0.354,0.34714285714285714,0.347,80,80
xTrimoPGLM-1B-CLM,0.3426081218434343,0.343,0.009455960321886557,0.009,0.34742499999999993,0.347,0.29591666666666666,0.296,0.4001111111111111,0.4,0.3364817708333333,0.336,0.3331060606060607,0.333,0.29250806451612904,0.293,0.33724645390070923,0.337,0.36975793650793654,0.37,0.38237345679012347,0.382,0.3541372549019608,0.354,0.3014593023255814,0.301,0.2695892857142857,0.27,81,81
Progen2 S,0.33570551609848487,0.336,0.01112796561810272,0.011,0.3329375,0.333,0.2750416666666667,0.275,0.38416666666666666,0.384,0.3376393229166666,0.338,0.3487424242424242,0.349,0.29325,0.293,0.32137056737588654,0.321,0.3902936507936508,0.39,0.3846820987654321,0.385,0.3576274509803921,0.358,0.2910813953488372,0.291,0.27067857142857144,0.271,82,82
CARP (76M),0.3279135953282828,0.328,0.013552565440957318,0.014,0.34238750000000007,0.342,0.2815833333333333,0.282,0.3686111111111111,0.369,0.2711223958333332,0.271,0.3758636363636362,0.376,0.25371774193548385,0.254,0.3015265957446808,0.302,0.40319444444444447,0.403,0.3877253086419753,0.388,0.36625,0.366,0.3006220930232558,0.301,0.1568392857142857,0.157,83,83
ESM2 (35M),0.3208077951388889,0.321,0.014673603520167468,0.015,0.31370000000000003,0.314,0.2907083333333333,0.291,0.34344444444444444,0.343,0.21701953125000006,0.217,0.43916666666666654,0.439,0.24731451612903227,0.247,0.27083510638297875,0.271,0.4484047619047619,0.448,0.37050925925925926,0.371,0.4081911764705883,0.408,0.31503488372093025,0.315,0.119625,0.12,84,84
Progen3 219m,0.3181304955808081,0.318,0.01102949942826854,0.011,0.3096625,0.31,0.29333333333333333,0.293,0.3472222222222222,0.347,0.3352526041666667,0.335,0.3051818181818182,0.305,0.24558870967741936,0.246,0.331854609929078,0.332,0.33209920634920637,0.332,0.319369341563786,0.319,0.2882107843137255,0.288,0.33505232558139536,0.335,0.32635714285714285,0.326,85,85
MULAN,0.317423492739899,0.317,0.010096035211473722,0.01,0.2834375,0.283,0.3263333333333334,0.326,0.3830555555555556,0.383,0.2253971354166666,0.225,0.36889393939393944,0.369,0.27270967741935487,0.273,0.29079609929078015,0.291,0.33761507936507934,0.338,0.34286419753086417,0.343,0.3146568627450981,0.315,0.3134127906976744,0.313,0.16721428571428573,0.167,86,86
RITA S,0.30450202020202016,0.305,0.011277376540691521,0.011,0.2943749999999999,0.294,0.27475000000000005,0.275,0.33572222222222226,0.336,0.3290416666666667,0.329,0.288621212121212,0.289,0.24855645161290324,0.249,0.30468439716312057,0.305,0.33179761904761906,0.332,0.33067181069958845,0.331,0.29946078431372547,0.299,0.23818023255813953,0.238,0.34410714285714283,0.344,87,87
Tranception S no retrieval,0.30283003472222225,0.303,0.011306426622393508,0.011,0.2885,0.288,0.2864166666666667,0.286,0.3487777777777778,0.349,0.3206223958333334,0.321,0.26983333333333337,0.27,0.23495967741935486,0.235,0.30360815602836877,0.304,0.31497222222222226,0.315,0.3178878600823045,0.318,0.2827205882352941,0.283,0.26285465116279066,0.263,0.30392857142857144,0.304,88,88
Progen3 112m,0.28198171401515154,0.282,0.012646235234884078,0.013,0.2732,0.273,0.3007083333333333,0.301,0.302,0.302,0.3010911458333333,0.301,0.23290909090909087,0.233,0.22053225806451612,0.221,0.29059751773049647,0.291,0.271515873015873,0.272,0.26190329218106995,0.262,0.24760294117647058,0.248,0.2953372093023256,0.295,0.3005357142857143,0.301,89,89
CARP (38M),0.27955184659090915,0.28,0.014660368005368133,0.015,0.28487500000000004,0.285,0.2682083333333333,0.268,0.3121666666666666,0.312,0.21822135416666671,0.218,0.3142878787878789,0.314,0.20559677419354838,0.206,0.24047517730496454,0.24,0.35429365079365077,0.354,0.32201028806584364,0.322,0.30702450980392154,0.307,0.25315116279069766,0.253,0.12680357142857143,0.127,90,90
ProteinMPNN,0.25729855429292925,0.257,0.009968384496315855,0.01,0.19694999999999996,0.197,0.16341666666666663,0.163,0.19755555555555554,0.198,0.163828125,0.164,0.5647424242424243,0.565,0.18650806451612903,0.187,0.2712127659574468,0.271,0.43928968253968254,0.439,0.28407716049382714,0.284,0.39370588235294113,0.394,0.3478313953488372,0.348,0.26235714285714284,0.262,91,91
xTrimoPGLM-3B-CLM,0.23307894728535353,0.233,0.011724376038698572,0.012,0.21430000000000007,0.214,0.2487083333333333,0.249,0.2703888888888889,0.27,0.23604296875000003,0.236,0.19595454545454538,0.196,0.20134677419354838,0.201,0.21460283687943263,0.215,0.24334126984126986,0.243,0.28347222222222224,0.283,0.21871078431372548,0.219,0.1340581395348837,0.134,0.19039285714285717,0.19,92,92
ESM2 (8M),0.22569400568181813,0.226,0.014669108410799407,0.015,0.2012875,0.201,0.25975,0.26,0.2656666666666667,0.266,0.14002343749999993,0.14,0.2617424242424242,0.262,0.20044354838709677,0.2,0.17725886524822695,0.177,0.26172619047619045,0.262,0.2409948559670782,0.241,0.24783823529411766,0.248,0.20115697674418606,0.201,0.08996428571428572,0.09,93,93
Unirep,0.18979010416666667,0.19,0.015728484334915787,0.016,0.182,0.182,0.2015416666666667,0.202,0.2165,0.216,0.1392421875,0.139,0.20966666666666672,0.21,0.18255645161290324,0.183,0.15825,0.158,0.2088531746031746,0.209,0.21491666666666664,0.215,0.2327794117647059,0.233,0.1516686046511628,0.152,0.06633928571428573,0.066,94,94
ProtGPT2,0.1883555602904041,0.188,0.010733006788948141,0.011,0.17640000000000006,0.176,0.14908333333333332,0.149,0.1927777777777778,0.193,0.1662591145833334,0.166,0.2572575757575759,0.257,0.18760483870967742,0.188,0.17093085106382977,0.171,0.25187301587301586,0.252,0.24369444444444444,0.244,0.24208823529411763,0.242,0.13422093023255813,0.134,0.13826785714285714,0.138,95,95
CARP (600K),0.10609842013888889,0.106,0.015948291534818308,0.016,0.112075,0.112,0.08395833333333334,0.084,0.17077777777777778,0.171,0.05884765625000001,0.059,0.10483333333333335,0.105,0.10143548387096774,0.101,0.08546099290780142,0.085,0.09982936507936507,0.1,0.12198148148148148,0.122,0.08599509803921569,0.086,0.07541279069767443,0.075,0.054589285714285715,0.055,96,96
xTrimoPGLM-7B-CLM,0.1017437279040404,0.102,0.014224220706283732,0.014,0.11642499999999997,0.116,0.15433333333333335,0.154,0.07761111111111112,0.078,0.06144010416666669,0.061,0.09890909090909092,0.099,0.08167741935483872,0.082,0.07181560283687943,0.072,0.11726984126984127,0.117,0.12976131687242798,0.13,0.1151764705882353,0.115,0.044058139534883724,0.044,0.01232142857142857,0.012,97,97
