metric,scheme,top1,top1_p_rank1,best_set,best_set_size,top10,overlap_with_published_top10,kendall_tau_vs_published,max_rank_shift_published_top10,mean_marginal_width_top10
Spearman,proteingym,AIDO Protein-RAG (16B),0.5075,ProSST (K=4096); VenusREM; AIDO Protein-RAG (16B),3,AIDO Protein-RAG (16B); VenusREM; ProSST (K=2048); ProSST (K=4096); S3F-MSA; S2F-MSA; ProSST (K=1024); Protriever; ESCOTT; ProSST (K=512),10,1.0,0,10.8
Spearman,function_group_mean,VenusREM,0.62675,ProSST (K=4096); VenusREM; AIDO Protein-RAG (16B),3,VenusREM; AIDO Protein-RAG (16B); ProSST (K=2048); ProSST (K=4096); S3F-MSA; ProSST (K=1024); S2F-MSA; Protriever; ProSST (K=512); ESCOTT,10,0.9768041237113404,1,10.7
Spearman,uniprot_weighted,AIDO Protein-RAG (16B),0.92475,VenusREM; AIDO Protein-RAG (16B),2,AIDO Protein-RAG (16B); VenusREM; ProSST (K=2048); S3F-MSA; ProSST (K=4096); S2F-MSA; ProSST (K=1024); ESCOTT; Protriever; ESM3 open (1.4B),9,0.9566151202749144,4,9.7
Spearman,flat_mean,AIDO Protein-RAG (16B),0.8755,VenusREM; AIDO Protein-RAG (16B),2,AIDO Protein-RAG (16B); VenusREM; ProSST (K=2048); S3F-MSA; ProSST (K=4096); S2F-MSA; ProSST (K=1024); Protriever; ESCOTT; PoET (200M),9,0.9570446735395192,1,9.6
Spearman,median,VenusREM,0.6,SaProt (650M); ProSST (K=128); ProSST (K=1024); ProSST (K=2048); ProSST (K=4096); VenusREM; S2F; S2F-MSA; S3F; S3F-MSA; AIDO Protein-RAG (16B); Protriever,12,VenusREM; AIDO Protein-RAG (16B); ProSST (K=4096); ProSST (K=1024); ProSST (K=2048); S3F-MSA; S2F-MSA; Protriever; S3F; ProSST (K=128),8,0.8714650473619957,3,30.6
AUC,proteingym,AIDO Protein-RAG (16B),0.663,ProSST (K=4096); VenusREM; AIDO Protein-RAG (16B),3,AIDO Protein-RAG (16B); VenusREM; ProSST (K=2048); ProSST (K=4096); S3F-MSA; S2F-MSA; ProSST (K=1024); Protriever; ESCOTT; PoET (200M),9,0.9707903780068731,1,10.4
AUC,function_group_mean,AIDO Protein-RAG (16B),0.5355,ProSST (K=4096); VenusREM; AIDO Protein-RAG (16B),3,AIDO Protein-RAG (16B); VenusREM; ProSST (K=2048); ProSST (K=4096); S3F-MSA; S2F-MSA; ProSST (K=1024); Protriever; ESCOTT; ProSST (K=512),10,0.9561855670103095,0,10.7
AUC,uniprot_weighted,AIDO Protein-RAG (16B),0.973,VenusREM; AIDO Protein-RAG (16B),2,AIDO Protein-RAG (16B); VenusREM; ProSST (K=2048); S3F-MSA; ProSST (K=4096); S2F-MSA; ESCOTT; Protriever; ProSST (K=1024); PoET (200M),9,0.9295532646048111,5,9.9
AUC,flat_mean,AIDO Protein-RAG (16B),0.94925,VenusREM; AIDO Protein-RAG (16B),2,AIDO Protein-RAG (16B); VenusREM; ProSST (K=2048); S3F-MSA; ProSST (K=4096); S2F-MSA; ESCOTT; Protriever; ProSST (K=1024); PoET (200M),9,0.9317010309278352,4,9.6
AUC,median,AIDO Protein-RAG (16B),0.77075,ProSST (K=512); ProSST (K=1024); ProSST (K=2048); ProSST (K=4096); VenusREM; S2F-MSA; S3F-MSA; ESM3 open (1.4B); AIDO Protein-RAG (16B),9,AIDO Protein-RAG (16B); VenusREM; ProSST (K=2048); ProSST (K=4096); ProSST (K=1024); S3F-MSA; S2F-MSA; Protriever; SaProt (650M); PoET (200M),8,0.8826656770789579,2,34.7
MCC,proteingym,AIDO Protein-RAG (16B),0.60675,VenusREM; AIDO Protein-RAG (16B),2,AIDO Protein-RAG (16B); VenusREM; ProSST (K=2048); S3F-MSA; ProSST (K=4096); S2F-MSA; Protriever; ProSST (K=1024); S3F; ESCOTT,9,0.9561855670103095,7,12.6
MCC,function_group_mean,VenusREM,0.574,ProSST (K=4096); VenusREM; AIDO Protein-RAG (16B),3,VenusREM; AIDO Protein-RAG (16B); ProSST (K=2048); ProSST (K=4096); S3F-MSA; S2F-MSA; ProSST (K=1024); Protriever; S3F; ESCOTT,9,0.9501718213058422,4,12.6
MCC,uniprot_weighted,AIDO Protein-RAG (16B),0.94625,VenusREM; AIDO Protein-RAG (16B),2,AIDO Protein-RAG (16B); VenusREM; ProSST (K=2048); S3F-MSA; ProSST (K=4096); S2F-MSA; ESCOTT; Protriever; ProSST (K=1024); RSALOR,9,0.9243986254295534,5,11.9
MCC,flat_mean,AIDO Protein-RAG (16B),0.8815,VenusREM; AIDO Protein-RAG (16B),2,AIDO Protein-RAG (16B); VenusREM; ProSST (K=2048); S3F-MSA; S2F-MSA; ProSST (K=4096); Protriever; ESCOTT; ProSST (K=1024); PoET (200M),9,0.9239690721649486,5,12.1
MCC,median,VenusREM,0.676,VespaG; SaProt (650M); ProSST (K=1024); ProSST (K=2048); ProSST (K=4096); ESCOTT; VenusREM; S2F-MSA; S3F-MSA; AIDO Protein-RAG (16B); Protriever,11,VenusREM; AIDO Protein-RAG (16B); ProSST (K=2048); S3F-MSA; S2F-MSA; ProSST (K=4096); Protriever; ProSST (K=1024); SaProt (650M); VespaG,8,0.846680727814677,16,35.4
NDCG,proteingym,S3F-MSA,0.603,TranceptEVE L; ProSST (K=4096); S2F-MSA; S3F-MSA; AIDO Protein-RAG (16B); Protriever,6,S3F-MSA; S2F-MSA; AIDO Protein-RAG (16B); Protriever; TranceptEVE L; TranceptEVE M; TranceptEVE S; PoET (200M); EVE (ensemble); EVE (single),4,0.6696735395189005,47,19.0
NDCG,function_group_mean,S3F-MSA,0.469,TranceptEVE L; ProSST (K=4096); S2F-MSA; S3F-MSA; AIDO Protein-RAG (16B); Protriever,6,S3F-MSA; AIDO Protein-RAG (16B); S2F-MSA; Protriever; TranceptEVE L; PoET (200M); TranceptEVE M; TranceptEVE S; EVE (ensemble); EVE (single),4,0.7006013745704469,46,23.9
NDCG,uniprot_weighted,S3F-MSA,0.53675,S2F-MSA; S3F-MSA; AIDO Protein-RAG (16B); Protriever,4,S3F-MSA; AIDO Protein-RAG (16B); S2F-MSA; Protriever; TranceptEVE L; PoET (200M); TranceptEVE M; TranceptEVE S; EVE (ensemble); EVE (single),4,0.6494845360824743,45,12.8
NDCG,flat_mean,S3F-MSA,0.593,S2F-MSA; S3F-MSA; AIDO Protein-RAG (16B); Protriever,4,S3F-MSA; AIDO Protein-RAG (16B); S2F-MSA; Protriever; TranceptEVE L; PoET (200M); TranceptEVE M; TranceptEVE S; EVE (ensemble); EVE (single),4,0.6585051546391754,50,13.7
NDCG,median,AIDO Protein-RAG (16B),0.437,"EVmutation; DeepSequence (single); DeepSequence (ensemble); EVE (single); EVE (ensemble); MSA Transformer (single); MSA Transformer (ensemble); ESM-1b; ESM2 (3B); Progen2 XL; GEMME; VESPA; VespaG; Tranception L; TranceptEVE S; TranceptEVE M; TranceptEVE L; MIF-ST; ProtSSN (k=10, h=512); ProtSSN (k=20, h=512); ProtSSN (k=20, h=1280); ProtSSN (k=30, h=768); ProtSSN (ensemble); SaProt (650M); PoET (200M); ProSST (K=2048); ProSST (K=4096); ESCOTT; VenusREM; RSALOR; S2F-MSA; S3F; S3F-MSA; SiteRM; ESM3 open (1.4B); ESM-C (600M); xTrimoPGLM-3B-MLM; AIDO Protein-RAG (16B); Protriever",39,AIDO Protein-RAG (16B); Protriever; PoET (200M); S3F-MSA; TranceptEVE L; S2F-MSA; VespaG; SaProt (650M); VESPA; VenusREM,5,0.6819612650901197,56,61.8
Top_recall,proteingym,VenusREM,0.461,SaProt (650M); ProSST (K=1024); ProSST (K=2048); ProSST (K=4096); VenusREM; S2F-MSA; S3F; S3F-MSA; ESM3 open (1.4B); AIDO Protein-RAG (16B); Protriever,11,VenusREM; S3F-MSA; ESM3 open (1.4B); S2F-MSA; AIDO Protein-RAG (16B); ProSST (K=2048); S3F; SaProt (650M); ProSST (K=4096); TranceptEVE S,6,0.7744845360824744,34,34.4
Top_recall,function_group_mean,VenusREM,0.4635,SaProt (650M); ProSST (K=1024); ProSST (K=2048); ProSST (K=4096); VenusREM; S2F-MSA; S3F; S3F-MSA; ESM3 open (1.4B); AIDO Protein-RAG (16B); Protriever,11,VenusREM; S3F-MSA; ESM3 open (1.4B); S2F-MSA; AIDO Protein-RAG (16B); ProSST (K=2048); ProSST (K=4096); S3F; ProSST (K=1024); SaProt (650M),7,0.7938144329896908,37,35.9
Top_recall,uniprot_weighted,VenusREM,0.56675,ProtSSN (ensemble); ProSST (K=1024); ProSST (K=2048); ProSST (K=4096); VenusREM; S3F; S3F-MSA; ESM3 open (1.4B); AIDO Protein-RAG (16B),9,VenusREM; S3F-MSA; ESM3 open (1.4B); S2F-MSA; AIDO Protein-RAG (16B); ProSST (K=2048); ProSST (K=4096); S3F; ProtSSN (ensemble); TranceptEVE S,6,0.7564432989690723,35,30.3
Top_recall,flat_mean,S3F-MSA,0.50325,"ProtSSN (k=20, h=1280); ProtSSN (ensemble); SaProt (650M); ProSST (K=1024); ProSST (K=2048); ProSST (K=4096); VenusREM; S3F; S3F-MSA; ESM3 open (1.4B); AIDO Protein-RAG (16B); Protriever",12,S3F-MSA; VenusREM; S2F-MSA; ESM3 open (1.4B); AIDO Protein-RAG (16B); ProSST (K=2048); ProSST (K=4096); ProtSSN (ensemble); Protriever; S3F,7,0.7744845360824744,35,33.6
Top_recall,median,S2F-MSA,0.22,"EVmutation; DeepSequence (single); DeepSequence (ensemble); EVE (single); EVE (ensemble); MSA Transformer (ensemble); TranceptEVE S; TranceptEVE M; TranceptEVE L; MIF-ST; ProtSSN (k=10, h=768); ProtSSN (k=10, h=1280); ProtSSN (k=20, h=512); ProtSSN (k=20, h=768); ProtSSN (k=20, h=1280); ProtSSN (k=30, h=512); ProtSSN (k=30, h=768); ProtSSN (k=30, h=1280); ProtSSN (ensemble); SaProt (650M); PoET (200M); ProSST (K=1024); ProSST (K=2048); ProSST (K=4096); VenusREM; S2F; S2F-MSA; S3F; S3F-MSA; ESM3 open (1.4B); AIDO Protein-RAG (16B); Protriever",32,"S2F-MSA; S3F-MSA; S3F; EVE (single); AIDO Protein-RAG (16B); EVE (ensemble); ProtSSN (k=10, h=1280); TranceptEVE L; MIF-ST; ESM3 open (1.4B)",3,0.6818322628789171,38,57.2
