scenario,method,mean_coverage,min_model_coverage,mean_coverage_lenient,joint_coverage,mean_width,mean_width_top10
calibrated,percentile,0.9607916666666667,0.845,0.9607916666666667,0.162,11.781864583333334,5.1487
calibrated,marginal_single_step,0.99946875,0.995,0.99946875,0.964,25.01851041666667,10.4464
calibrated,marginal_stepdown,0.997625,0.982,0.997625,0.87,22.469552083333333,7.9636
calibrated,simultaneous_single_step,0.9999791666666666,0.998,0.9999791666666666,0.998,31.92125,14.7653
calibrated,simultaneous_stepdown,0.9999375,0.997,0.9999375,0.994,30.3589375,13.7518
calibrated,marginal_stepdown_t,0.99853125,0.982,0.99853125,0.917,26.902572916666667,9.83
calibrated,simultaneous_stepdown_t,1.0,1.0,1.0,1.0,42.1595,23.3741
calibrated_gaussian,percentile,0.9610520833333334,0.873,0.9610520833333334,0.155,11.922052083333334,5.2479
calibrated_gaussian,marginal_single_step,0.9996875,0.997,0.9996875,0.977,25.254145833333332,10.7043
calibrated_gaussian,marginal_stepdown,0.9977291666666667,0.971,0.9977291666666667,0.871,22.741427083333335,8.2216
calibrated_gaussian,simultaneous_single_step,0.9999791666666666,0.998,0.9999791666666666,0.998,32.0983125,15.1291
calibrated_gaussian,simultaneous_stepdown,0.9999791666666666,0.998,0.9999791666666666,0.998,30.563854166666665,14.0933
calibrated_gaussian,marginal_stepdown_t,0.9986458333333333,0.977,0.9986458333333333,0.918,25.382458333333332,9.3332
calibrated_gaussian,simultaneous_stepdown_t,0.9999895833333333,0.999,0.9999895833333333,0.999,35.72891666666667,17.8484
exact_ties,percentile,0.8786145833333333,0.081,0.9626354166666666,0.0,11.875020833333334,5.8351
exact_ties,marginal_single_step,0.9976666666666667,0.973,0.9995416666666667,0.892,24.30270833333333,10.9879
exact_ties,marginal_stepdown,0.990625,0.909,0.9975104166666666,0.687,21.95023958333333,8.7967
exact_ties,simultaneous_single_step,0.9998229166666667,0.997,0.9999895833333333,0.989,30.733416666666667,14.698
exact_ties,simultaneous_stepdown,0.99965625,0.994,0.9999791666666666,0.981,29.264479166666668,13.816
exact_ties,marginal_stepdown_t,0.99475,0.94,0.99846875,0.788,25.855864583333332,10.1907
exact_ties,simultaneous_stepdown_t,1.0,1.0,1.0,1.0,40.127291666666665,21.7807
near_ties,percentile,0.9576458333333333,0.888,0.9576458333333333,0.144,11.716291666666667,5.4784
near_ties,marginal_single_step,0.9996458333333333,0.996,0.9996458333333333,0.975,24.51775,10.4712
near_ties,marginal_stepdown,0.9977083333333333,0.971,0.9977083333333333,0.87,22.07759375,8.2466
near_ties,simultaneous_single_step,0.9999791666666666,0.999,0.9999791666666666,0.999,31.108375,14.327
near_ties,simultaneous_stepdown,0.99996875,0.999,0.99996875,0.998,29.604375,13.3879
near_ties,marginal_stepdown_t,0.9986875,0.975,0.9986875,0.918,26.200375,9.5986
near_ties,simultaneous_stepdown_t,1.0,1.0,1.0,1.0,40.9695,22.2262
separated,percentile,0.976125,0.855,0.976125,0.284,4.1678125,1.6453
separated,marginal_single_step,0.9994583333333333,0.992,0.9994583333333333,0.956,7.987520833333333,2.8237
separated,marginal_stepdown,0.9958229166666667,0.977,0.9958229166666667,0.787,6.485625,1.9776
separated,simultaneous_single_step,0.9999583333333333,0.999,0.9999583333333333,0.997,10.263270833333333,3.6816
separated,simultaneous_stepdown,0.9998854166666666,0.997,0.9998854166666666,0.99,9.204083333333333,3.2957
separated,marginal_stepdown_t,0.9976041666666666,0.98,0.9976041666666666,0.861,7.575166666666667,2.1625
separated,simultaneous_stepdown_t,1.0,1.0,1.0,1.0,12.557541666666667,4.5493
