rank,model,gap_to_1,se,sig_threshold_1.96se,mdd_80pct_power
2,VenusREM,4.374053030298253e-05,0.005223769898252397,0.010238589000574698,0.014634836529767398
3,ProSST (K=2048),0.011312518939394112,0.006307418525796407,0.012362540310560957,0.017670770506323104
4,ProSST (K=4096),0.019919859532828488,0.009452592347563368,0.018527081001224202,0.026482242993781293
5,S3F-MSA,0.022361403093434373,0.006804360368661108,0.013336546322575773,0.019062995427554668
6,S2F-MSA,0.02998183238636365,0.007323276171366468,0.014353621295878277,0.02051678226985923
7,ProSST (K=1024),0.0335679403409091,0.009166120014749939,0.01796559522890988,0.02567966634077285
8,Protriever,0.03934123307978582,0.008193411211951955,0.01605908597542583,0.02295453973732566
9,ESCOTT,0.04234002998737374,0.005242496047987234,0.010275292254054979,0.014687299434056689
10,ProSST (K=512),0.04706223800505066,0.008679353513996825,0.017011532887433775,0.024315948507590352
11,S3F,0.04803675347222236,0.005640935062601308,0.011056232722698565,0.01580356028771898
