mutant,DMS_score,n_mut,ours_mm_8M,ours_wt_8M,proteingym_8M,ours_mm_35M,ours_wt_35M,proteingym_35M,ours_mm_150M,ours_wt_150M,proteingym_150M,ours_mm_650M,ours_wt_650M,proteingym_650M
A101C,0.573154,1,-1.94303,-5.31773,-1.94303,-1.21958,-4.72355,-1.21958,-0.575875,-4.30947,-0.575876,-1.27349,-4.87235,-1.27349
A101F,0.765705,1,-0.554649,-3.93875,-0.55465,0.175418,-3.36153,0.175417,0.235243,-3.38163,0.235245,-0.242424,-3.78543,-0.242425
A101G,-2.46051,1,-0.0520804,-3.46562,-0.0520802,-0.746046,-3.98603,-0.746046,-0.96177,-4.38934,-0.961772,-1.19862,-4.78342,-1.19862
A101H,-2.23024,1,-6.25097,-9.87699,-6.25097,-5.6753,-9.35535,-5.6753,-6.24179,-9.27362,-6.24179,-7.01004,-10.4985,-7.01004
A101I,1.12218,1,-0.110868,-3.4832,-0.110869,0.466823,-3.03428,0.466823,0.288253,-3.32952,0.288254,0.363346,-3.2826,0.363347
A101K,-1.77115,1,-6.1659,-9.4834,-6.1659,-5.97422,-9.25731,-5.97422,-6.66719,-9.48668,-6.66719,-7.19813,-10.1891,-7.19813
A101L,1.24193,1,0.317315,-3.01319,0.317312,0.761671,-2.83817,0.761669,0.60553,-2.96261,0.60553,0.424412,-3.11006,0.424413
A101M,-0.817161,1,-1.85655,-5.2857,-1.85655,-1.21034,-4.84721,-1.21035,-0.902541,-4.50568,-0.902539,-1.41852,-5.04612,-1.41852
A101Q,-3.24655,1,-5.26511,-8.65574,-5.26511,-5.06903,-8.72074,-5.06903,-5.41587,-8.56066,-5.41587,-6.22081,-9.57866,-6.22081
A101R,-1.29495,1,-6.51498,-9.83506,-6.51498,-6.52223,-9.96437,-6.52224,-6.96978,-9.76253,-6.96978,-7.63259,-10.5564,-7.63259
A101S,-2.13523,1,-1.27479,-4.72318,-1.27479,-1.43252,-4.8785,-1.43252,-1.1111,-4.58751,-1.1111,-1.19385,-4.83842,-1.19385
A101T,-1.08039,1,-1.25168,-4.59578,-1.25168,-1.13491,-4.46981,-1.13491,-0.733714,-4.20225,-0.733713,-0.927124,-4.59019,-0.927126
A101V,0.889555,1,-0.261059,-3.61967,-0.261059,0.362607,-3.11773,0.362607,0.374978,-3.11788,0.374979,0.335748,-3.2098,0.335748
A101W,0.649999,1,-4.26759,-7.52436,-4.26759,-3.89933,-7.60764,-3.89933,-4.02009,-7.36432,-4.02009,-5.24114,-8.6209,-5.24114
A101Y,-1.19547,1,-3.85915,-7.26785,-3.85915,-3.40482,-7.04212,-3.40482,-3.55211,-7.077,-3.55212,-4.46593,-7.94424,-4.46593
F97A,0.814287,1,0.807352,-2.41163,0.807354,0.249223,-2.89734,0.249223,-0.58182,-4.2263,-0.58182,-0.840176,-4.56852,-0.840178
F97C,0.16921,1,-1.14977,-4.58243,-1.14977,-0.93491,-4.22544,-0.93491,-0.446867,-4.2436,-0.446867,-0.768922,-4.18164,-0.768923
F97D,-2.46168,1,-4.71536,-7.52514,-4.71537,-5.59668,-8.47439,-5.59668,-5.95039,-9.59741,-5.95039,-7.14828,-11.0056,-7.14828
F97E,-2.54087,1,-4.01994,-6.95473,-4.01993,-5.09046,-7.92538,-5.09046,-5.47967,-8.95456,-5.47967,-6.49681,-10.3798,-6.49682
F97G,-0.466111,1,0.733641,-2.61112,0.733643,-0.118207,-3.11293,-0.118207,-1.27107,-4.98608,-1.27107,-1.52904,-5.25535,-1.52905
F97H,-0.17133,1,-4.90958,-7.85495,-4.90958,-5.89986,-8.9791,-5.89986,-6.04204,-9.33995,-6.04204,-7.62786,-11.039,-7.62786
F97I,0.108583,1,1.13195,-2.25573,1.13195,0.897279,-2.43692,0.897279,0.920646,-2.66241,0.920647,0.98804,-2.66665,0.988039
F97K,0.17235,1,-4.66513,-7.54489,-4.66513,-5.27631,-8.14037,-5.27631,-6.52439,-9.77216,-6.52439,-7.46573,-11.1161,-7.46573
F97L,0.950315,1,1.03009,-2.39368,1.03009,1.02016,-2.34623,1.02016,1.1234,-2.3732,1.1234,1.124,-2.4352,1.124
F97M,0.197056,1,-1.31333,-4.5917,-1.31333,-1.37973,-4.64444,-1.37973,-1.33269,-4.89571,-1.33269,-1.29241,-4.79265,-1.29242
F97N,-0.806193,1,-3.77697,-6.76222,-3.77697,-4.54055,-7.61085,-4.54055,-4.80085,-8.35149,-4.80084,-6.29392,-10.0705,-6.29393
F97P,-2.40292,1,-1.66613,-4.93089,-1.66613,-3.46345,-6.71136,-3.46345,-4.35564,-8.14177,-4.35564,-6.33575,-9.86781,-6.33576
F97Q,-0.302628,1,-4.24529,-7.27293,-4.24528,-5.43183,-8.53243,-5.43183,-5.64013,-8.91341,-5.64013,-7.17019,-10.6546,-7.17019
F97R,0.256097,1,-4.9262,-7.75364,-4.9262,-5.34857,-8.51463,-5.34857,-6.36777,-9.72787,-6.36777,-7.12368,-10.7834,-7.12369
F97S,0.0764424,1,-0.18912,-3.40899,-0.189119,-0.689338,-3.82896,-0.689338,-1.08678,-4.77963,-1.08678,-2.07514,-5.67544,-2.07514
F97T,-0.302689,1,-0.188911,-3.46181,-0.18891,-0.591332,-3.74813,-0.591332,-0.912079,-4.72965,-0.912079,-1.82008,-5.40561,-1.82008
F97V,0.0412233,1,0.733744,-2.51013,0.733744,1.03514,-2.11583,1.03514,0.860758,-2.74301,0.860758,0.883741,-2.91484,0.88374
F97W,0.252099,1,-2.78602,-6.18459,-2.78602,-4.01832,-7.4131,-4.01831,-4.1061,-7.66952,-4.10611,-5.16666,-8.52666,-5.16666
F97Y,0.597125,1,-2.20621,-5.62111,-2.20621,-3.7591,-7.13204,-3.7591,-3.45391,-6.95277,-3.45391,-4.43872,-8.04654,-4.43873
G102A,-0.31268,1,-0.120279,-3.32776,-0.120281,0.0173502,-3.50487,0.017349,0.313081,-3.26394,0.31308,-0.837738,-4.1159,-0.837739
G102C,-0.125705,1,-2.37182,-5.59055,-2.37182,-1.93169,-5.28589,-1.93169,-1.38588,-5.17053,-1.38588,-2.85061,-6.03783,-2.85061
G102E,-1.20871,1,-5.06999,-7.91397,-5.06999,-4.92345,-8.47588,-4.92345,-4.68979,-8.42239,-4.6898,-6.26185,-9.43609,-6.26185
G102F,0.237414,1,-0.721906,-3.67461,-0.721909,-0.506521,-3.99504,-0.506522,0.382681,-3.74112,0.382678,-2.24073,-5.47623,-2.24073
G102H,-0.41795,1,-6.20739,-9.27988,-6.2074,-5.86351,-9.72677,-5.86351,-6.41688,-9.93165,-6.41688,-8.11352,-11.1569,-8.11352
G102I,0.138025,1,-0.198878,-3.28292,-0.198882,-0.220525,-3.86861,-0.220526,-0.182803,-3.75491,-0.182806,-2.43627,-5.46472,-2.43627
G102K,-2.71858,1,-5.85968,-8.58164,-5.85968,-5.59834,-9.2571,-5.59834,-6.5749,-9.58063,-6.5749,-7.16224,-10.073,-7.16224
G102L,0.0824127,1,0.177606,-2.87761,0.177601,0.0237401,-3.53189,0.0237391,0.403361,-3.48516,0.40336,-1.79831,-4.87189,-1.79831
G102M,0.425737,1,-2.05119,-5.15654,-2.0512,-2.12775,-5.71625,-2.12775,-1.63512,-5.44032,-1.63512,-3.8876,-7.14591,-3.8876
G102N,-2.43073,1,-4.5569,-7.77346,-4.55691,-4.45722,-7.88038,-4.45722,-4.19332,-8.06818,-4.19332,-6.07296,-8.91292,-6.07295
G102P,-2.34973,1,-2.98423,-5.81507,-2.98423,-3.52798,-6.85073,-3.52798,-3.91193,-6.76414,-3.91193,-5.29902,-8.80376,-5.29902
G102Q,-2.06702,1,-5.19132,-8.07796,-5.19132,-5.38717,-9.11591,-5.38717,-5.71697,-9.42316,-5.71697,-7.33356,-10.4563,-7.33356
G102R,-2.01479,1,-6.31019,-9.10761,-6.31019,-5.71314,-9.54826,-5.71314,-6.76441,-9.67731,-6.76441,-7.23854,-10.4614,-7.23854
G102S,-1.08612,1,-1.11561,-4.29748,-1.11562,-1.1621,-4.45385,-1.1621,-0.944308,-4.58234,-0.944309,-2.39972,-5.58183,-2.39972
G102T,-0.552168,1,-1.00366,-4.19563,-1.00366,-1.0906,-4.53549,-1.0906,-0.678568,-4.42154,-0.67857,-2.86513,-6.01593,-2.86513
G102V,-0.143576,1,-0.170449,-3.29307,-0.170452,-0.0135975,-3.56862,-0.0135989,0.204719,-3.26547,0.204716,-1.55562,-4.67954,-1.55563
G102W,0.402408,1,-4.35179,-6.88991,-4.35179,-4.62915,-8.29442,-4.62915,-4.34544,-8.07847,-4.34544,-6.44397,-9.99346,-6.44397
G102Y,0.424424,1,-4.21983,-6.86737,-4.21983,-3.69067,-7.44447,-3.69067,-3.85503,-7.6993,-3.85504,-6.22833,-9.46087,-6.22833
G105A,0.329059,1,0.0260301,-3.44039,0.0260298,0.386502,-3.01431,0.386502,0.356426,-3.03024,0.356425,-0.303927,-3.894,-0.303928
G105C,-0.535391,1,-1.97399,-5.35649,-1.97399,-1.3477,-4.76177,-1.3477,-0.552178,-4.04427,-0.552178,-1.45765,-5.23201,-1.45765
G105E,-1.87208,1,-4.3934,-7.4609,-4.3934,-5.28958,-8.3312,-5.28958,-5.07095,-8.05405,-5.07095,-6.11734,-8.85698,-6.11734
G105F,0.940126,1,-0.453255,-3.86522,-0.453257,0.117939,-3.24457,0.11794,0.922057,-2.62619,0.922057,-0.536333,-4.11522,-0.536334
G105H,-2.10586,1,-5.75751,-8.99305,-5.75751,-6.35828,-9.46407,-6.35828,-6.02681,-9.18048,-6.02681,-6.6126,-9.67535,-6.61261
G105I,-0.109771,1,0.27934,-3.37966,0.279338,0.986399,-2.42389,0.986401,1.64944,-1.82299,1.64944,0.209903,-3.42771,0.209901
G105K,-1.67148,1,-5.89055,-8.91471,-5.89056,-6.1919,-9.40242,-6.1919,-6.40629,-9.54328,-6.40629,-6.60343,-9.75249,-6.60344
G105L,0.829858,1,0.653021,-2.94248,0.65302,1.2101,-2.18913,1.2101,1.86436,-1.57695,1.86436,0.464935,-3.23783,0.464937
G105M,0.532473,1,-1.84777,-5.29536,-1.84777,-1.50769,-4.84906,-1.50769,-0.538212,-4.00018,-0.538212,-1.83564,-5.51623,-1.83564
G105N,-2.32807,1,-3.92172,-7.32662,-3.92173,-4.36196,-7.3574,-4.36196,-3.94655,-7.25871,-3.94655,-4.05505,-7.19997,-4.05505
G105P,-2.42104,1,-2.83079,-5.71216,-2.83079,-2.50555,-5.61027,-2.50555,-1.46952,-5.06291,-1.46952,-3.52782,-7.26043,-3.52782
G105Q,-1.88474,1,-4.82703,-7.99024,-4.82703,-5.50134,-8.66217,-5.50134,-5.03661,-7.98999,-5.03661,-6.15482,-9.11871,-6.15483
G105R,-0.29409,1,-6.30751,-9.36709,-6.30751,-6.4509,-9.73512,-6.4509,-6.54626,-9.59072,-6.54626,-7.61928,-10.2908,-7.61928
G105S,0.0686673,1,-0.999203,-4.37579,-0.999205,-1.02478,-4.35822,-1.02478,-0.648391,-3.97966,-0.648393,-1.21934,-4.90296,-1.21934
G105T,-1.00657,1,-1.09779,-4.54708,-1.09779,-0.730085,-4.12041,-0.730084,-0.208015,-3.69729,-0.208015,-1.23483,-5.00788,-1.23483
G105V,-1.19232,1,0.137287,-3.54373,0.137285,0.862268,-2.52651,0.862268,1.46839,-2.01244,1.46839,0.21251,-3.22461,0.21251
G105W,0.112883,1,-4.22487,-7.13277,-4.22487,-4.35643,-7.6255,-4.35643,-3.49852,-6.74021,-3.49853,-4.72742,-8.05574,-4.72742
G105Y,-2.70866,1,-3.76946,-6.90142,-3.76947,-3.93983,-7.09612,-3.93983,-3.56894,-6.76082,-3.56894,-4.55918,-8.14002,-4.55918
G98A,0.104139,1,-0.611398,-3.85829,-0.611396,-0.57043,-3.7343,-0.570429,-0.688804,-3.86057,-0.688806,-0.884673,-3.7527,-0.884678
G98C,-0.912075,1,-2.45311,-5.63718,-2.4531,-1.60437,-4.72441,-1.60437,-1.43776,-4.83482,-1.43776,-2.70961,-5.51805,-2.70962
G98E,-0.997868,1,-4.07465,-7.61569,-4.07464,-5.33145,-8.17003,-5.33145,-5.44445,-8.69856,-5.44445,-5.95468,-8.63461,-5.95469
G98F,-0.655517,1,-1.42132,-4.25454,-1.42132,-0.895951,-3.8691,-0.89595,-0.933991,-4.39649,-0.933993,-2.85928,-5.26202,-2.85929
G98H,-2.24137,1,-5.40547,-8.72429,-5.40547,-6.18001,-9.17812,-6.18001,-6.92465,-9.6339,-6.92465,-7.67037,-10.8124,-7.67038
G98I,-1.28168,1,-0.957206,-3.99338,-0.957204,-0.807341,-3.89642,-0.80734,-1.45999,-4.23597,-1.45999,-3.00301,-5.07916,-3.00302
G98K,-3.43618,1,-4.49049,-7.87288,-4.49048,-6.03727,-8.98665,-6.03727,-6.94743,-9.45508,-6.94743,-7.40166,-10.0444,-7.40166
G98L,-0.213989,1,-0.559298,-3.55365,-0.559295,-0.149164,-3.14023,-0.149162,-0.691856,-3.71126,-0.691858,-2.5503,-4.66776,-2.55031
G98M,-1.34613,1,-2.48013,-5.49716,-2.48013,-2.29555,-5.42001,-2.29555,-2.6839,-5.71131,-2.6839,-4.29153,-6.50247,-4.29153
G98N,-1.11232,1,-4.04647,-7.5155,-4.04647,-4.68617,-7.43697,-4.68617,-5.06857,-7.98717,-5.06857,-5.50776,-8.5561,-5.50777
G98P,-2.75643,1,-2.59724,-5.79627,-2.59724,-3.30479,-6.28055,-3.30479,-4.28709,-7.43777,-4.28709,-4.73219,-7.42344,-4.73221
G98Q,-2.27112,1,-4.34087,-7.66402,-4.34087,-5.49762,-8.42883,-5.49762,-6.20669,-9.08396,-6.2067,-7.2443,-9.88258,-7.24431
G98R,-2.0354,1,-4.88869,-8.34637,-4.88869,-6.19277,-9.22727,-6.19277,-6.64661,-9.14597,-6.64661,-7.22264,-10.1612,-7.22264
G98S,-0.497009,1,-0.916934,-4.23996,-0.916933,-1.05398,-4.08126,-1.05398,-0.935233,-4.12103,-0.935236,-1.30583,-4.39988,-1.30584
G98T,-1.0634,1,-1.68383,-4.91567,-1.68383,-1.959,-4.96002,-1.959,-1.68251,-4.73685,-1.68251,-2.94184,-5.61908,-2.94185
G98V,-1.70678,1,-1.25331,-4.36367,-1.2533,-0.812001,-3.84158,-0.812,-1.13624,-4.17946,-1.13624,-2.38851,-4.54895,-2.38851
G98W,-1.27255,1,-3.65728,-6.52436,-3.65728,-4.35012,-7.50282,-4.35012,-4.55588,-7.64992,-4.55588,-6.4669,-9.44326,-6.4669
G98Y,-1.66026,1,-3.09683,-6.09186,-3.09682,-3.7005,-6.85045,-3.7005,-4.37913,-7.27368,-4.37913,-5.16701,-8.4304,-5.16703
I104A,-2.53967,1,-0.674045,-4.06687,-0.674042,-0.627097,-3.90707,-0.627097,-0.716579,-4.08292,-0.716579,-0.440275,-3.94312,-0.440274
I104C,-1.72004,1,-2.60799,-6.15034,-2.60799,-2.11999,-5.39504,-2.11999,-1.77685,-5.19218,-1.77685,-2.1664,-5.66054,-2.1664
I104E,-2.35564,1,-5.48624,-8.70587,-5.48624,-5.61046,-8.55938,-5.61046,-6.44104,-9.69997,-6.44104,-6.54037,-10.0071,-6.54037
I104F,-0.0048457,1,-0.874355,-4.31717,-0.874357,-0.792922,-3.96084,-0.792922,-0.78579,-4.2071,-0.785789,-1.14527,-4.558,-1.14527
I104G,-2.71517,1,-0.951745,-4.49238,-0.951743,-1.12932,-4.31722,-1.12932,-1.29301,-4.68941,-1.29301,-1.00677,-4.61447,-1.00677
I104L,0.759281,1,-0.017529,-3.34713,-0.0175276,0.0591607,-3.1965,0.0591605,0.0256944,-3.47471,0.0256939,-0.250005,-3.58835,-0.250006
I104M,-0.78092,1,-2.25407,-5.66625,-2.25407,-2.03865,-5.27171,-2.03865,-1.88022,-5.2929,-1.88022,-1.99197,-5.37534,-1.99197
I104R,-1.04662,1,-6.47598,-9.45832,-6.47598,-6.812,-9.45543,-6.812,-7.50938,-10.7016,-7.50939,-7.7091,-10.9192,-7.7091
I104S,-3.40836,1,-1.82313,-5.2606,-1.82313,-1.73207,-4.89134,-1.73207,-1.5142,-4.78078,-1.5142,-1.89803,-5.32583,-1.89803
I104T,-2.10761,1,-1.66609,-4.9483,-1.66609,-1.48416,-4.71357,-1.48416,-1.09446,-4.32648,-1.09446,-1.45087,-4.81508,-1.45087
I104V,-0.547873,1,-0.331046,-3.57272,-0.331047,-0.150274,-3.52503,-0.150274,-0.220819,-3.63253,-0.22082,0.0221879,-3.48736,0.0221889
I104W,-1.18472,1,-4.35867,-7.98734,-4.35867,-4.14181,-7.29917,-4.14181,-4.61203,-7.70074,-4.61202,-4.93016,-8.21641,-4.93016
I104Y,-2.8411,1,-3.99643,-7.59025,-3.99643,-3.35085,-6.52464,-3.35085,-4.04947,-6.9118,-4.04947,-4.00969,-7.40378,-4.00969
I107A,-0.158942,1,-0.314265,-3.67681,-0.314264,-0.327739,-3.61376,-0.327739,-0.230486,-3.49715,-0.230487,-0.0899472,-3.39031,-0.0899456
I107C,0.54823,1,-2.07913,-5.50292,-2.07913,-1.63195,-4.90162,-1.63195,-1.62511,-4.77642,-1.62511,-1.85183,-5.23502,-1.85183
I107D,-2.68119,1,-4.52653,-8.00575,-4.52653,-5.19391,-8.21099,-5.19392,-5.99024,-9.13069,-5.99024,-7.12832,-10.4362,-7.12832
I107E,-2.75464,1,-3.67286,-6.94411,-3.67285,-4.97684,-8.05582,-4.97685,-5.58973,-8.71518,-5.58973,-6.68683,-10.0386,-6.68684
I107F,0.449567,1,-0.916915,-4.52344,-0.916913,-0.949919,-4.22552,-0.949919,-1.19194,-4.36877,-1.19195,-1.40829,-4.68489,-1.40829
I107G,-0.622386,1,-0.257598,-3.60627,-0.257598,-0.474616,-3.69323,-0.474617,-0.531875,-3.93083,-0.531876,-0.323989,-3.8723,-0.323988
I107H,-0.325288,1,-4.76732,-8.40955,-4.76732,-5.065,-8.25833,-5.065,-5.82723,-9.00803,-5.82723,-6.71936,-9.94874,-6.71937
I107K,-2.42022,1,-4.62865,-8.15643,-4.62865,-5.10398,-8.1341,-5.10399,-5.86976,-9.18711,-5.86976,-6.68361,-9.66599,-6.68362
I107L,0.71796,1,0.0237641,-3.39504,0.0237651,-0.161567,-3.4049,-0.161567,-0.254562,-3.46637,-0.254564,-0.340545,-3.66592,-0.340545
I107M,0.75724,1,-1.88174,-5.37753,-1.88173,-1.93378,-5.20609,-1.93378,-1.85212,-5.157,-1.85212,-2.11989,-5.47797,-2.11989
I107N,-1.18695,1,-3.62566,-7.14732,-3.62566,-4.0072,-7.20763,-4.0072,-5.06891,-8.15765,-5.06891,-5.28371,-8.56415,-5.28372
I107P,-2.48622,1,-2.93427,-6.48104,-2.93427,-3.47956,-6.81236,-3.47956,-4.91911,-8.26786,-4.91911,-6.02385,-9.39274,-6.02385
I107Q,-1.4195,1,-4.21425,-7.76043,-4.21425,-4.98045,-8.21288,-4.98045,-5.59912,-8.72742,-5.59912,-6.68068,-10.0588,-6.68069
I107R,-1.02605,1,-4.47544,-8.11674,-4.47544,-4.90532,-7.83156,-4.90532,-5.83655,-9.13732,-5.83655,-6.82307,-10.1394,-6.82307
I107S,-0.378967,1,-0.904785,-4.31658,-0.904784,-0.778052,-4.06615,-0.778052,-1.18198,-4.41569,-1.18198,-1.27873,-4.77957,-1.27873
I107T,-0.143885,1,-1.17821,-4.47885,-1.17821,-0.855423,-4.22989,-0.855423,-1.13597,-4.39481,-1.13597,-1.57533,-4.90374,-1.57533
I107V,-0.133615,1,-0.228063,-3.52837,-0.228064,-0.0465112,-3.52307,-0.0465109,0.0856669,-3.22496,0.0856669,-0.0538588,-3.4535,-0.0538583
I107W,-0.0654572,1,-3.11575,-6.88462,-3.11575,-3.52532,-6.86162,-3.52533,-3.88651,-6.98631,-3.88651,-5.09939,-8.38174,-5.0994
I107Y,-0.532567,1,-2.1782,-5.93759,-2.1782,-2.21511,-5.56709,-2.21511,-3.06894,-6.26857,-3.06894,-4.18107,-7.48908,-4.18108
I95A,-1.23023,1,-0.999448,-4.36245,-0.999446,-2.21493,-5.63872,-2.21493,-2.60978,-5.82846,-2.60978,-3.59782,-6.16459,-3.59782
I95C,-1.43259,1,-4.3183,-7.72461,-4.3183,-4.11418,-7.45772,-4.11418,-4.32671,-7.62403,-4.32671,-5.06471,-7.79517,-5.06471
I95D,-3.57645,1,-2.92477,-6.0588,-2.92477,-5.45307,-8.60565,-5.45306,-6.7103,-9.78759,-6.71029,-8.12896,-10.4989,-8.12895
I95E,-3.67668,1,-2.30951,-5.50666,-2.30951,-4.70902,-8.07397,-4.70902,-5.49086,-8.55239,-5.49086,-7.27678,-9.89814,-7.27677
I95F,1.27123,1,-1.52395,-4.784,-1.52395,-2.57189,-6.05256,-2.57188,-2.364,-5.63649,-2.36399,-3.17086,-5.92126,-3.17086
I95G,-2.898,1,-1.00186,-4.3728,-1.00186,-2.74836,-6.42584,-2.74835,-3.81705,-7.04219,-3.81705,-5.29454,-7.70396,-5.29453
I95H,-3.20264,1,-3.22422,-6.45425,-3.22422,-5.25633,-8.58727,-5.25633,-6.40743,-9.55463,-6.40742,-8.78583,-11.0338,-8.78582
I95K,-3.44012,1,-1.22582,-4.47095,-1.22582,-3.79226,-7.21156,-3.79226,-4.98685,-8.07517,-4.98685,-6.63965,-8.89579,-6.63964
I95L,0.345039,1,-0.370439,-3.70899,-0.370438,-1.04747,-4.3105,-1.04747,-0.902073,-4.11523,-0.902072,-1.14047,-4.56043,-1.14047
I95M,0.0895165,1,-1.6487,-4.87474,-1.6487,-2.36023,-5.54449,-2.36023,-2.64826,-5.92437,-2.64826,-2.46723,-5.4751,-2.46723
I95N,-3.39078,1,-2.23322,-5.2903,-2.23322,-4.4074,-7.64862,-4.40739,-6.12795,-9.14192,-6.12795,-7.64597,-9.80352,-7.64596
I95P,-3.13516,1,-1.62779,-5.12892,-1.62778,-4.70157,-8.14511,-4.70156,-5.89689,-8.94388,-5.89689,-8.21725,-11.0455,-8.21724
I95Q,-2.73014,1,-2.1493,-5.43649,-2.1493,-4.28583,-7.63728,-4.28583,-5.87619,-9.07172,-5.87619,-7.80623,-10.2596,-7.80622
I95R,-2.99078,1,-1.77258,-5.04131,-1.77258,-3.94527,-7.2578,-3.94526,-5.03227,-8.07711,-5.03227,-7.2192,-9.50371,-7.21919
I95S,-3.0954,1,-1.41956,-4.7689,-1.41956,-3.02224,-6.42628,-3.02224,-4.10973,-7.24005,-4.10973,-5.16383,-7.43412,-5.16383
I95T,-1.48146,1,-1.11389,-4.4987,-1.11389,-2.44005,-5.86865,-2.44005,-2.85585,-5.99833,-2.85585,-3.13001,-5.34671,-3.13001
I95V,-0.362298,1,-0.855188,-4.07861,-0.855186,-1.33334,-4.79764,-1.33334,-1.31712,-4.49949,-1.31712,-1.52561,-4.47975,-1.5256
I95W,0.0872472,1,-2.0202,-5.1824,-2.02019,-4.16827,-7.412,-4.16827,-4.9688,-8.19852,-4.9688,-7.17716,-9.6795,-7.17715
I95Y,-1.58435,1,-1.77272,-4.79201,-1.77272,-3.12952,-6.44495,-3.12951,-4.09078,-7.42162,-4.09078,-6.06633,-8.62723,-6.06632
I96A,-0.126538,1,-0.665343,-3.72619,-0.665342,-0.413551,-3.67132,-0.413552,-0.485702,-3.53226,-0.485702,-0.0147526,-3.34446,-0.0147524
I96C,-0.735631,1,-2.89437,-5.9936,-2.89437,-1.88831,-5.07874,-1.88831,-1.6812,-4.80968,-1.6812,-1.26078,-4.77882,-1.26078
I96D,-2.72099,1,-3.65736,-6.93279,-3.65735,-5.17906,-8.55327,-5.17906,-6.33515,-9.49316,-6.33515,-6.94395,-10.023,-6.94395
I96E,-2.43297,1,-3.19973,-6.08354,-3.19973,-4.34383,-7.77908,-4.34383,-5.64577,-8.81812,-5.64577,-6.43197,-9.60773,-6.43197
I96F,-0.0486293,1,-1.53096,-4.83307,-1.53096,-1.4842,-4.79462,-1.4842,-1.04205,-4.25548,-1.04205,-1.35016,-4.48239,-1.35016
I96G,-1.88607,1,-0.986827,-4.28407,-0.986827,-1.34704,-4.3885,-1.34705,-2.4089,-5.35734,-2.4089,-1.67867,-5.03299,-1.67867
I96H,-2.8908,1,-3.95501,-7.1342,-3.95501,-4.78004,-8.33942,-4.78004,-6.42504,-9.37737,-6.42504,-7.35627,-10.4471,-7.35627
I96K,-1.68953,1,-3.40294,-6.74201,-3.40294,-4.2185,-7.72954,-4.21849,-5.89484,-8.84863,-5.89484,-5.89854,-8.9463,-5.89854
I96L,0.10015,1,-0.497341,-3.79806,-0.497339,-0.820499,-4.32551,-0.820498,-1.38573,-4.40395,-1.38573,-1.34082,-4.51565,-1.34083
I96M,0.10432,1,-2.41611,-5.75322,-2.41611,-2.29845,-5.73644,-2.29845,-2.51452,-5.7023,-2.51452,-2.50843,-5.70932,-2.50843
I96N,-2.66443,1,-3.0825,-6.2203,-3.0825,-3.78333,-7.25038,-3.78333,-5.67418,-8.67391,-5.67418,-5.54944,-8.70806,-5.54944
I96P,-2.94404,1,-2.62047,-5.92935,-2.62047,-4.55489,-7.62982,-4.55489,-5.63383,-8.51411,-5.63383,-5.64885,-8.90431,-5.64884
I96Q,-3.37608,1,-3.35355,-6.6885,-3.35355,-4.53888,-8.05239,-4.53888,-6.17774,-9.09412,-6.17774,-6.76,-9.91317,-6.76
I96R,-1.52427,1,-3.47454,-6.78868,-3.47453,-3.91124,-7.37751,-3.91124,-5.67299,-8.59237,-5.67299,-5.43221,-8.23512,-5.43221
I96S,-1.17767,1,-1.17977,-4.21187,-1.17977,-0.768924,-3.8238,-0.768926,-1.48423,-4.40806,-1.48423,-0.261678,-3.60752,-0.261676
I96T,-0.771657,1,-1.34705,-4.50337,-1.34705,-0.812938,-4.10558,-0.81294,-0.843201,-3.98731,-0.843198,-0.0220771,-3.42269,-0.0220766
I96V,-0.34721,1,-0.155887,-3.3347,-0.155887,0.372093,-3.03535,0.372092,1.05806,-2.38426,1.05806,0.991713,-2.28436,0.991714
I96W,-0.70838,1,-3.34632,-6.71047,-3.34632,-3.39541,-6.58606,-3.39541,-4.43008,-7.58115,-4.43008,-4.84437,-7.9345,-4.84437
I96Y,-2.46305,1,-2.41192,-5.62094,-2.41192,-2.96749,-6.48827,-2.96749,-3.45549,-6.44323,-3.45549,-4.51443,-7.5963,-4.51444
L108A,-0.204661,1,-0.0736978,-3.44076,-0.0737,-0.0938115,-3.55018,-0.0938129,-0.35899,-3.70719,-0.35899,0.139514,-3.42923,0.139513
L108C,-0.320603,1,-2.33869,-5.57412,-2.3387,-1.53262,-4.9774,-1.53262,-1.61863,-4.86663,-1.61863,-1.46272,-5.0678,-1.46272
L108D,-1.97073,1,-4.59619,-7.69573,-4.59619,-5.83774,-8.95113,-5.83774,-5.59529,-8.86705,-5.59528,-6.02426,-9.58226,-6.02426
L108E,-1.70316,1,-3.66901,-6.76964,-3.66901,-5.20859,-8.28772,-5.20859,-5.44407,-8.81179,-5.44407,-5.03111,-8.48993,-5.03111
L108F,0.213396,1,-0.68565,-4.15247,-0.685651,-0.505111,-4.08843,-0.505111,-0.729801,-4.15533,-0.729801,-0.47349,-3.77625,-0.473489
L108G,-0.823839,1,-0.0415528,-3.33635,-0.0415564,-0.106157,-3.67674,-0.106159,-0.89705,-4.30451,-0.89705,-0.077076,-3.74363,-0.0770774
L108H,-2.15911,1,-4.911,-8.12961,-4.911,-5.2303,-8.48642,-5.2303,-5.24396,-8.72204,-5.24396,-4.29989,-7.25703,-4.29989
L108I,-1.34236,1,-0.41747,-3.74388,-0.417474,-0.423042,-3.82399,-0.423042,-0.176446,-3.62781,-0.176446,0.0763487,-3.30207,0.0763491
L108K,-1.86738,1,-3.99119,-7.21038,-3.99119,-4.73852,-7.85213,-4.73852,-5.32952,-8.53575,-5.32951,-4.75169,-8.01198,-4.7517
L108M,0.0883438,1,-1.98055,-5.27228,-1.98055,-2.00215,-5.36743,-2.00215,-1.82375,-5.14057,-1.82375,-1.57777,-4.91249,-1.57777
L108N,-1.20539,1,-4.09188,-7.14331,-4.09189,-4.6141,-7.84169,-4.6141,-4.44582,-7.45863,-4.44581,-4.13796,-7.53768,-4.13796
L108P,-1.89028,1,-2.79191,-6.11426,-2.79192,-3.16883,-6.99746,-3.16883,-4.11096,-7.49569,-4.11095,-4.19405,-7.83706,-4.19405
L108Q,-0.858923,1,-4.15119,-7.23987,-4.15119,-5.02975,-8.28827,-5.02975,-5.28882,-8.59522,-5.28882,-4.00727,-7.08714,-4.00727
L108R,-1.48117,1,-4.29956,-7.50479,-4.29956,-4.86634,-8.03938,-4.86634,-5.42039,-8.46355,-5.42038,-5.0786,-8.57905,-5.07861
L108S,-0.187824,1,-1.22553,-4.42898,-1.22553,-1.31207,-4.78916,-1.31207,-1.35955,-4.69278,-1.35955,-1.00337,-4.58425,-1.00338
L108T,-0.752957,1,-1.46122,-4.67688,-1.46122,-1.49474,-4.91887,-1.49475,-1.31473,-4.73806,-1.31473,-1.12771,-4.58095,-1.12771
L108V,-0.246031,1,-0.419463,-3.77708,-0.419466,-0.308862,-3.75844,-0.308863,-0.141282,-3.57018,-0.141281,0.203392,-3.33125,0.203392
L108W,-1.44843,1,-3.01204,-6.51649,-3.01204,-2.86778,-6.50388,-2.86778,-3.23508,-6.5296,-3.23508,-3.16099,-6.48181,-3.16099
L108Y,-0.646782,1,-2.24146,-5.71267,-2.24146,-2.19954,-5.68309,-2.19953,-2.40796,-5.9247,-2.40796,-1.718,-4.82825,-1.718
L94A,0.637335,1,-0.181032,-3.44363,-0.181031,0.29075,-2.91125,0.290749,1.02688,-2.45487,1.02689,2.5953,-1.64357,2.5953
L94C,0.833224,1,-3.44001,-7.10822,-3.44001,-2.23319,-5.56372,-2.23319,-1.85442,-5.35013,-1.85442,-1.3955,-4.95813,-1.3955
L94D,-0.81987,1,-2.49475,-5.69863,-2.49475,-4.49517,-7.61574,-4.49517,-4.41309,-7.85282,-4.41309,-2.571,-7.5057,-2.571
L94G,0.69342,1,0.282319,-2.99573,0.282319,0.936866,-2.24682,0.936863,1.36565,-1.60262,1.36565,4.33968,-0.248733,4.33968
L94M,0.353737,1,-1.66038,-5.15867,-1.66038,-1.51208,-4.96933,-1.51208,-1.42392,-4.69663,-1.42392,-1.37339,-4.74852,-1.37339
L94P,0.0484996,1,-1.27479,-4.77507,-1.27479,-3.09579,-6.78835,-3.09579,-3.67413,-7.01462,-3.67413,-2.93393,-6.93542,-2.93393
L94Q,0.648469,1,-2.10765,-5.34748,-2.10765,-3.8645,-7.05656,-3.8645,-4.21741,-7.54486,-4.21741,-4.23129,-8.2355,-4.23128
L94R,0.232312,1,-1.87474,-5.1222,-1.87474,-3.16355,-6.33193,-3.16355,-3.41317,-7.13066,-3.41317,-2.25629,-6.60502,-2.25629
L94S,0.947742,1,-0.688595,-3.96439,-0.688594,-1.08757,-4.53116,-1.08758,-0.88046,-4.14905,-0.880459,0.36092,-3.61089,0.360919
L94V,-1.10498,1,-1.14453,-4.57386,-1.14454,-0.523182,-4.0023,-0.523181,-0.108615,-3.48206,-0.108614,0.472466,-3.48939,0.472462
L94W,0.980632,1,-1.24751,-4.68067,-1.24751,-2.46336,-5.8549,-2.46336,-2.94585,-6.38286,-2.94584,-2.09996,-4.58936,-2.09996
M100A,-2.34621,1,2.12661,-1.38351,2.12661,1.68004,-1.59459,1.68004,0.782925,-2.58711,0.782926,0.978676,-2.42309,0.978674
M100C,-0.572493,1,0.36778,-3.23833,0.36778,0.558372,-2.90119,0.558373,0.320026,-3.04664,0.320027,0.133162,-3.26623,0.133159
M100F,-0.217402,1,1.27908,-2.18245,1.27908,1.20295,-2.10005,1.20295,0.788352,-2.53474,0.788353,0.781424,-2.59658,0.781424
M100G,-2.55234,1,1.84121,-1.78889,1.84121,0.52212,-2.53045,0.52212,-0.324306,-3.66496,-0.324306,-0.479302,-3.9814,-0.479304
M100K,-2.72329,1,-3.67356,-7.32934,-3.67357,-4.0223,-7.25817,-4.0223,-4.5606,-7.70396,-4.5606,-5.44175,-8.7234,-5.44175
M100L,0.643706,1,2.36181,-1.06995,2.36181,2.32893,-0.915875,2.32893,1.86856,-1.44009,1.86856,2.45223,-1.0757,2.45224
M100R,-1.37636,1,-4.06249,-7.68977,-4.0625,-4.2247,-7.67347,-4.2247,-5.25884,-8.22352,-5.25884,-5.82528,-9.07795,-5.82528
M100S,-3.06883,1,1.53911,-2.17935,1.5391,1.14635,-2.36629,1.14635,0.504441,-2.86077,0.50444,0.282099,-3.08895,0.282095
M100T,-2.95921,1,1.46826,-2.06277,1.46826,1.18437,-2.24514,1.18437,1.00713,-2.39465,1.00713,0.741406,-2.56638,0.741404
M100V,0.0244454,1,2.75167,-0.60105,2.75167,2.90101,-0.509996,2.90101,2.16642,-1.1185,2.16642,2.19007,-1.20685,2.19007
M100W,-1.60695,1,-1.84591,-5.43021,-1.84592,-2.56864,-5.8388,-2.56864,-3.00602,-6.27531,-3.00603,-4.15397,-7.71126,-4.15397
M100Y,-2.30758,1,-1.37895,-5.08209,-1.37895,-2.21787,-5.51371,-2.21787,-2.60163,-5.92299,-2.60163,-3.82339,-7.22451,-3.82339
T106A,-0.941482,1,0.563297,-2.65427,0.563297,0.340088,-2.90406,0.340088,0.129709,-3.34989,0.129708,0.727922,-2.90208,0.727924
T106C,-1.33084,1,-1.26654,-4.47831,-1.26654,-0.718198,-4.13379,-0.718198,-0.819201,-4.31775,-0.819202,-0.881335,-4.47169,-0.881333
T106D,-3.27839,1,-4.02717,-7.0808,-4.02716,-4.50328,-7.46974,-4.50328,-5.6402,-8.82414,-5.64021,-5.22136,-8.51549,-5.22136
T106E,-2.84755,1,-3.65779,-6.66415,-3.65779,-4.05003,-7.041,-4.05003,-5.09559,-8.03063,-5.09559,-4.44142,-7.73714,-4.44142
T106F,-2.32086,1,0.244331,-2.96184,0.24433,0.671808,-2.78657,0.671809,0.564814,-2.86309,0.564812,0.656084,-2.95921,0.656084
T106G,-0.640563,1,0.526068,-2.56576,0.526069,0.151793,-2.97763,0.151791,-0.28609,-3.69631,-0.286092,0.138849,-3.29655,0.138853
T106H,-2.22948,1,-4.73749,-7.81924,-4.73748,-4.98083,-8.03258,-4.98083,-6.00981,-8.8356,-6.00981,-5.2352,-8.4821,-5.23521
T106I,-3.06663,1,1.36634,-1.8459,1.36634,1.42328,-1.8186,1.42328,1.39055,-2.03961,1.39055,1.39861,-2.11452,1.39861
T106K,-1.04975,1,-4.88896,-7.59492,-4.88896,-5.16509,-8.31562,-5.16509,-6.08124,-8.93872,-6.08124,-5.28505,-8.64941,-5.28506
T106L,-2.27108,1,1.68692,-1.53231,1.68692,1.77816,-1.64467,1.77817,1.73784,-1.65045,1.73784,2.15138,-1.4403,2.15138
T106M,-0.642812,1,-0.769545,-3.97582,-0.769547,-0.689628,-4.04759,-0.689628,-0.724214,-4.18203,-0.724215,-0.522024,-4.15054,-0.522023
T106N,-2.41597,1,-2.42375,-5.87183,-2.42375,-1.99122,-5.16665,-1.99121,-3.55465,-6.67663,-3.55465,-2.79861,-6.1554,-2.79862
T106P,-2.51053,1,-2.42138,-5.49211,-2.42138,-2.43198,-5.61422,-2.43198,-2.67338,-5.95341,-2.67338,-2.94132,-6.73336,-2.94133
T106Q,-2.90339,1,-4.03934,-7.11183,-4.03934,-4.13827,-7.37764,-4.13827,-5.1147,-8.15217,-5.11471,-4.89615,-8.33153,-4.89616
T106S,0.173663,1,-0.0280929,-3.26264,-0.0280931,-0.343984,-3.59984,-0.343985,-0.538094,-3.96292,-0.538095,-0.172909,-3.70198,-0.172909
T106V,-3.01226,1,0.97143,-2.19432,0.971429,1.10837,-2.13034,1.10837,1.33987,-2.12437,1.33987,1.48901,-2.17191,1.48901
T106W,-1.76954,1,-3.35896,-6.53825,-3.35896,-3.68982,-6.84119,-3.68982,-4.19039,-7.21722,-4.19039,-4.1314,-7.59949,-4.13141
T106Y,-2.3418,1,-3.16647,-6.21428,-3.16647,-2.37012,-5.19561,-2.37012,-4.01245,-7.1177,-4.01245,-3.732,-7.19103,-3.73201
V103A,-1.19843,1,-0.453263,-3.72682,-0.453263,-0.73199,-4.08188,-0.731988,-1.17071,-4.42139,-1.17071,-1.29051,-4.5936,-1.29051
V103C,-0.922739,1,-2.07963,-5.26671,-2.07964,-1.82595,-5.23352,-1.82595,-1.88381,-5.23364,-1.88381,-2.60392,-5.78936,-2.60391
V103F,0.0453315,1,-0.859584,-3.98933,-0.859583,-1.04938,-4.39187,-1.04938,-0.863796,-4.32927,-0.863795,-2.13942,-5.22672,-2.13942
V103G,-1.93553,1,-0.467136,-3.70354,-0.467138,-0.9663,-4.17729,-0.966297,-1.55013,-5.09667,-1.55013,-2.26803,-5.52598,-2.26802
V103I,0.753273,1,0.237633,-2.99653,0.237633,0.00555778,-3.44749,0.00555873,-0.211583,-3.63819,-0.211583,-0.417801,-3.7987,-0.417801
V103L,-0.385714,1,0.153882,-2.97977,0.153883,-0.141121,-3.46607,-0.141121,-0.438228,-3.81925,-0.438227,-0.521336,-3.72914,-0.521337
V103M,0.453554,1,-1.82878,-5.07006,-1.82878,-1.94081,-5.27295,-1.9408,-2.24456,-5.61299,-2.24456,-2.7119,-6.00784,-2.7119
V103S,-2.94251,1,-0.873034,-4.24724,-0.873036,-1.04037,-4.35127,-1.04037,-1.38316,-4.76033,-1.38316,-2.01278,-5.34017,-2.01278
V103T,-2.91218,1,-0.846738,-4.03568,-0.846739,-1.03735,-4.44384,-1.03734,-0.903833,-4.32508,-0.903832,-1.80001,-5.14651,-1.80001
V103W,-1.94639,1,-4.08479,-7.46573,-4.08479,-4.53241,-7.61844,-4.53241,-5.49078,-8.77536,-5.49078,-6.74019,-9.77372,-6.74018
V103Y,-2.33408,1,-3.53251,-7.03091,-3.53252,-3.7506,-6.82049,-3.7506,-5.11738,-8.34218,-5.11738,-6.40395,-9.42005,-6.40394
V99A,-0.340342,1,-0.195738,-3.45209,-0.19574,-0.396626,-3.38852,-0.396625,-0.646177,-3.96564,-0.646176,-0.422745,-3.63558,-0.422741
V99C,-0.944811,1,-1.87903,-4.87312,-1.87903,-1.25825,-4.45305,-1.25825,-0.859914,-4.36526,-0.859916,-1.01856,-4.22288,-1.01856
V99F,1.14468,1,-1.18741,-4.48674,-1.18741,-2.58677,-5.76134,-2.58678,-2.58371,-5.84717,-2.58371,-3.77237,-7.0846,-3.77237
V99G,-2.16229,1,0.0652099,-3.14922,0.0652082,-1.17229,-3.98541,-1.17229,-1.21364,-4.42355,-1.21364,-0.951871,-4.24224,-0.95187
V99H,-1.96195,1,-4.85111,-8.05446,-4.8511,-6.1911,-9.03873,-6.1911,-6.87699,-10.3907,-6.87699,-8.925,-11.6112,-8.925
V99I,-0.0941579,1,0.204454,-3.19011,0.204456,-0.824178,-4.15243,-0.82418,-0.47689,-3.89306,-0.476891,-0.934639,-4.31726,-0.934639
V99K,-2.32644,1,-3.99759,-7.2877,-3.99759,-5.78648,-8.46136,-5.78649,-6.73292,-9.88279,-6.73292,-7.70417,-10.248,-7.70417
V99L,0.184809,1,-0.281817,-3.6302,-0.281816,-1.80708,-4.9287,-1.80708,-1.75992,-5.20751,-1.75991,-2.53592,-5.79176,-2.53592
V99M,0.388236,1,-1.89374,-5.2675,-1.89374,-3.23388,-6.28348,-3.23388,-3.05018,-6.40531,-3.05018,-3.78636,-7.09163,-3.78637
V99N,-1.50523,1,-3.00572,-6.2419,-3.00571,-4.42267,-7.27246,-4.42268,-5.54327,-8.92702,-5.54328,-5.525,-8.25674,-5.52501
V99P,-1.26316,1,-2.49666,-5.68337,-2.49666,-3.66117,-6.54089,-3.66116,-4.37904,-7.81317,-4.37904,-5.22765,-8.29793,-5.22766
V99R,-1.59016,1,-4.29627,-7.5491,-4.29627,-5.47471,-8.16901,-5.47472,-6.30798,-9.31637,-6.30798,-7.28142,-9.88418,-7.28142
V99S,-3.04303,1,-0.334437,-3.62832,-0.334438,0.417421,-2.71691,0.417423,0.122205,-3.04105,0.122206,0.0357547,-3.3023,0.035754
V99T,-2.98198,1,-0.731072,-3.95669,-0.731072,-0.544031,-3.6788,-0.54403,-0.671781,-3.84114,-0.671781,-1.12154,-4.54054,-1.12154
V99W,0.0103625,1,-3.0853,-6.40882,-3.0853,-4.49518,-7.5914,-4.49518,-4.66951,-8.2359,-4.66951,-6.66078,-9.69926,-6.66078
V99Y,-1.64866,1,-2.42181,-5.75542,-2.4218,-4.34222,-7.44875,-4.34223,-4.27408,-7.9559,-4.27408,-6.38113,-9.48255,-6.38114
